layer,scenario,seed,fail_rate,domain_gini,researcher_gini,mean_reputation
L1_base,PEAKED,9,0.5592417061611374,0.19172413793103438,0.45410344827586213,8.380477031826462
L1_base,PEAKED,1,0.5699481865284974,0.11591746499631528,0.48054532056005894,9.576945025620724
L1_base,PEAKED,7,0.6258205689277899,0.13800664451827238,0.4324385382059801,11.11658207461039
L1_base,PEAKED,6,0.5470588235294118,0.12906249999999986,0.44309375000000006,9.612175486611772
L1_base,PEAKED,4,0.5191815856777494,0.1469887491727333,0.4772600926538715,10.858499048169586
L1_base,PEAKED,5,0.5732323232323232,0.12117981520966592,0.4539729921819473,10.387052567792496
L1_base,PEAKED,2,0.5817694369973191,0.11524663677130031,0.42950672645739907,10.054786149303673
L1_base,PEAKED,0,0.6135593220338983,0.09702127659574455,0.43704964539007096,10.539449784039968
L1_base,PEAKED,3,0.5789473684210527,0.13315579227696395,0.4395805592543276,10.862302001619868
L1_base,PEAKED,8,0.5830388692579506,0.14363905325443782,0.44399408284023667,10.183885232983188
L1_base,BROAD,1,0.684981684981685,0.09095283926852726,0.4475649663137633,7.1566698565967
L1_base,BROAD,0,0.6889338731443995,0.05234042553191487,0.43978723404255327,6.715507219183182
L1_base,BROAD,4,0.6434176111595467,0.07999999999999985,0.458803738317757,7.628608741624714
L1_base,PEAKED,13,0.5732323232323232,0.15753052917232013,0.4630393487109905,10.701455703700626
L1_base,BROAD,2,0.6421299921691465,0.06977186311787054,0.4943346007604563,7.226014507386997
L1_base,PEAKED,10,0.5734463276836158,0.13434201266713575,0.46135949101667406,10.348963706688135
L1_base,PEAKED,14,0.5509708737864077,0.14537815126050413,0.48063348416289586,11.259215474461149
L1_base,BROAD,5,0.650564617314931,0.1293897882938977,0.4178082191780821,5.660416719874428
L1_base,PEAKED,11,0.5961995249406176,0.13560137457044674,0.4586804123711341,10.563127123823167
L1_base,BROAD,10,0.7025106584557081,0.07994350282485874,0.43994350282485883,4.70057113594229
L1_base,BROAD,3,0.624113475177305,0.05690343176376689,0.4403798231183933,9.16572675827637
L1_base,BROAD,9,0.6022261277094317,0.20736607142857144,0.4585003644314869,6.646627227758887
L1_base,PEAKED,12,0.5297157622739018,0.16527249683143208,0.4428390367553865,11.27267517796274
L1_base,BROAD,7,0.6400591278640059,0.08361344537815119,0.4266420854055908,6.595735920488819
L1_base,BROAD,14,0.6472708547888775,0.0649197860962567,0.4455213903743316,5.960995436177773
L1_base,BROAD,6,0.6113074204946997,0.05629820051413881,0.46342759211653806,8.151505445281002
L1_base,BROAD,11,0.6352242744063324,0.06963162623539976,0.49923255465708305,7.516056647115725
L1_base,BROAD,13,0.6440568475452196,0.05885588558855881,0.4553355335533553,6.3568039254483555
L1_base,BROAD,8,0.6253658536585366,0.0820732657833203,0.48522213561964134,9.36187249100208
L1_base,BROAD,12,0.6480489671002295,0.07891625615763531,0.42764532019704427,7.599259416877313
L2_realism,PEAKED,1,0.5640535372848948,0.13764892772041293,0.4021127879269262,9.769455381021757
L2_realism,PEAKED,0,0.592,0.12129692832764505,0.39458020477815703,11.625010386649949
L2_realism,PEAKED,2,0.5904761904761905,0.09100257069408735,0.36419023136246786,12.373326991794672
L2_realism,PEAKED,4,0.6057142857142858,0.14011180992313066,0.4014116002795247,11.405928615260905
L2_realism,PEAKED,9,0.5358711566617862,0.15886126704089798,0.4359101844426623,9.752763032757487
L2_realism,PEAKED,3,0.5575221238938053,0.12554054054054054,0.3752972972972972,11.81409530001873
L2_realism,PEAKED,8,0.5945945945945946,0.12593103448275844,0.36402758620689646,11.767946050277333
L2_realism,PEAKED,7,0.5565476190476191,0.10773263433813884,0.3802359108781126,12.214430103063675
L2_realism,PEAKED,5,0.541958041958042,0.14408163265306118,0.4262857142857144,11.314946907438689
L2_realism,PEAKED,6,0.5567010309278351,0.12995101469559134,0.3805318404478657,11.478494870224843
L2_realism,BROAD,1,0.6725190839694657,0.07108042242079593,0.35819658813972377,9.532962878802792
L2_realism,PEAKED,10,0.584958217270195,0.12157511581733949,0.39765528977971076,11.804500297291789
L2_realism,PEAKED,13,0.526813880126183,0.13778625954198453,0.3961832061068702,12.216771313908266
L2_realism,BROAD,0,0.6402378592666006,0.07238689547581889,0.4441497659906397,9.685020988005075
L2_realism,BROAD,5,0.6467696629213483,0.0969949916527546,0.36801335559265436,8.87856383720546
L2_realism,BROAD,3,0.6019283746556474,0.0898426323319026,0.451444921316166,10.43529657519721
L2_realism,BROAD,4,0.6014056224899599,0.09199999999999986,0.3920608243297319,10.174868451691813
L2_realism,BROAD,2,0.6695226438188494,0.06332842415316642,0.40671575846833585,10.575036649763495
L2_realism,PEAKED,14,0.502906976744186,0.1589849108367627,0.40757201646090535,11.529519912250409
L2_realism,PEAKED,11,0.5789473684210527,0.11006451612903212,0.3955354838709677,12.175119935146247
L2_realism,PEAKED,12,0.5679012345679012,0.17983193277310905,0.3792717086834734,11.502198672563544
L2_realism,BROAD,9,0.6379675370501059,0.12991985752448798,0.4419056099732859,8.572569836258246
L2_realism,BROAD,6,0.6534260178748759,0.06112804878048772,0.4372560975609756,9.87701068085731
L2_realism,BROAD,10,0.6503948312993539,0.11022304832713736,0.39416584477657235,8.210414138902758
L2_realism,BROAD,14,0.6485992691839221,0.099198396793587,0.3903807615230461,7.569830946113765
L2_realism,BROAD,8,0.6481164383561644,0.11798941798941787,0.4231746031746031,7.408520619546141
L2_realism,BROAD,11,0.6484667165295438,0.07864963503649625,0.3924087591240877,8.424822012410907
L2_realism,BROAD,7,0.6435137895812053,0.0975535168195718,0.3779816513761467,10.34563064217296
L2_realism,BROAD,13,0.6442307692307693,0.13034605146406375,0.39774622892635314,9.109512146335799
L2_realism,BROAD,12,0.6327519379844961,0.1052422557585384,0.3735504368546465,9.839955913422227
L3_full,PEAKED,1,0.514018691588785,0.16047516198704104,0.4004936747917309,10.962797953421246
L3_full,PEAKED,0,0.512396694214876,0.10230040595399181,0.38573748308525024,12.328071049767345
L3_full,PEAKED,2,0.580952380952381,0.11462205700123906,0.3798017348203222,12.934669588581771
L3_full,PEAKED,9,0.53515625,0.15454545454545454,0.4666872110939908,9.852527590663662
L3_full,PEAKED,5,0.6026200873362445,0.09453630481667852,0.3553558590941768,11.597768378725839
L3_full,PEAKED,4,0.6028368794326241,0.11973407977606709,0.366815955213436,11.658110145846209
L3_full,PEAKED,7,0.5919395465994962,0.1345120226308345,0.41173974540311176,11.343479162712622
L3_full,PEAKED,6,0.6505681818181818,0.14753495217071366,0.41155261221486383,11.161404004787087
L3_full,PEAKED,3,0.5175097276264592,0.1705716302046576,0.39062117436953603,11.468581921960242
L3_full,PEAKED,8,0.5076335877862596,0.1223243598161523,0.3861195009848981,12.499343672139593
L3_full,BROAD,1,0.667932718393923,0.0672396359959555,0.39383215369059665,7.424981647229856
L3_full,BROAD,0,0.6770682148040639,0.08159806295399497,0.40676351896690877,9.760752928610435
L3_full,PEAKED,10,0.5707070707070707,0.1496551724137931,0.41917241379310344,12.505133363551078
L3_full,BROAD,5,0.6823697359029265,0.11960038058991418,0.3975832540437678,8.275047891382108
L3_full,BROAD,2,0.6147368421052631,0.08473520249221167,0.4190965732087226,9.991730975049956
L3_full,PEAKED,11,0.5975609756097561,0.15677603423680453,0.3796861626248216,11.48091926708722
L3_full,PEAKED,12,0.5934959349593496,0.1780313837375178,0.40793152639087027,11.341966828355574
L3_full,PEAKED,14,0.48735632183908045,0.18651292802236186,0.4008525506638714,11.375791639909242
L3_full,BROAD,4,0.624868282402529,0.10773480662983426,0.43042357274401466,9.194738174203275
L3_full,PEAKED,13,0.4834710743801653,0.15049429657794677,0.3492471482889734,10.952184761376916
L3_full,BROAD,6,0.6543478260869565,0.08945102260495141,0.39842841765339077,6.802809846009694
L3_full,BROAD,3,0.6464,0.10074019245003685,0.40063656550703186,10.910251664859924
L3_full,BROAD,9,0.635743519781719,0.0915207373271889,0.3705990783410138,8.516491588820028
L3_full,BROAD,10,0.677710843373494,0.16083499005964197,0.4007952286282306,8.12365276704638
L3_full,BROAD,7,0.5954631379962193,0.10100200400801596,0.41086172344689387,7.866967365426978
L3_full,BROAD,13,0.6366237482117311,0.1130151843817786,0.4160520607375271,8.164650935221307
L3_full,BROAD,14,0.6588471849865952,0.04845360824742251,0.39844423617619484,8.540046530917103
L3_full,BROAD,11,0.622168284789644,0.08465266558966067,0.40895453496422807,9.384555567696045
L3_full,BROAD,8,0.596537949400799,0.12575173477255186,0.40402467232074013,10.380843977384494
L3_full,BROAD,12,0.6191275167785235,0.12188679245283018,0.38167115902964954,8.427189590989219
