label,mode,seed,step,fail_rate,attempts,failures
PEAKED,default_cull,0,25,0.5945945945945946,111,66
PEAKED,default_cull,0,50,0.5645161290322581,124,70
PEAKED,default_cull,0,100,0.5390070921985816,141,76
PEAKED,default_cull,0,150,0.5256410256410257,156,82
PEAKED,default_cull,0,200,0.5178571428571429,168,87
PEAKED,default_cull,0,250,0.5024630541871922,203,102
PEAKED,default_cull,0,300,0.512396694214876,242,124
PEAKED,default_cull,1,25,0.559322033898305,118,66
PEAKED,default_cull,1,50,0.5579710144927537,138,77
PEAKED,default_cull,1,100,0.567741935483871,155,88
PEAKED,default_cull,1,150,0.5531914893617021,188,104
PEAKED,default_cull,1,200,0.5434782608695652,230,125
PEAKED,default_cull,1,250,0.5466666666666666,300,164
PEAKED,default_cull,1,300,0.514018691588785,428,220
PEAKED,default_cull,2,25,0.7049180327868853,122,86
PEAKED,default_cull,2,50,0.678082191780822,146,99
PEAKED,default_cull,2,100,0.6646341463414634,164,109
PEAKED,default_cull,2,150,0.657608695652174,184,121
PEAKED,default_cull,2,200,0.6435643564356436,202,130
PEAKED,default_cull,2,250,0.6071428571428571,252,153
PEAKED,default_cull,2,300,0.580952380952381,315,183
PEAKED,default_cull,3,25,0.6027397260273972,73,44
PEAKED,default_cull,3,50,0.5903614457831325,83,49
PEAKED,default_cull,3,100,0.5773195876288659,97,56
PEAKED,default_cull,3,150,0.5641025641025641,117,66
PEAKED,default_cull,3,200,0.5608108108108109,148,83
PEAKED,default_cull,3,250,0.5380710659898477,197,106
PEAKED,default_cull,3,300,0.5175097276264592,257,133
PEAKED,default_cull,4,25,0.6779661016949152,118,80
PEAKED,default_cull,4,50,0.6544117647058824,136,89
PEAKED,default_cull,4,100,0.6521739130434783,161,105
PEAKED,default_cull,4,150,0.6374269005847953,171,109
PEAKED,default_cull,4,200,0.6153846153846154,195,120
PEAKED,default_cull,4,250,0.6118143459915611,237,145
PEAKED,default_cull,4,300,0.6028368794326241,282,170
PEAKED,default_cull,5,25,0.6634615384615384,104,69
PEAKED,default_cull,5,50,0.6615384615384615,130,86
PEAKED,default_cull,5,100,0.6357142857142857,140,89
PEAKED,default_cull,5,150,0.6363636363636364,154,98
PEAKED,default_cull,5,200,0.6071428571428571,168,102
PEAKED,default_cull,5,250,0.6,195,117
PEAKED,default_cull,5,300,0.6026200873362445,229,138
PEAKED,default_cull,6,25,0.7969924812030075,133,106
PEAKED,default_cull,6,50,0.7664670658682635,167,128
PEAKED,default_cull,6,100,0.7445652173913043,184,137
PEAKED,default_cull,6,150,0.7109004739336493,211,150
PEAKED,default_cull,6,200,0.717948717948718,234,168
PEAKED,default_cull,6,250,0.6748251748251748,286,193
PEAKED,default_cull,6,300,0.6505681818181818,352,229
PEAKED,default_cull,7,25,0.6257668711656442,163,102
PEAKED,default_cull,7,50,0.6305418719211823,203,128
PEAKED,default_cull,7,100,0.6422018348623854,218,140
PEAKED,default_cull,7,150,0.6414342629482072,251,161
PEAKED,default_cull,7,200,0.64,275,176
PEAKED,default_cull,7,250,0.6253968253968254,315,197
PEAKED,default_cull,7,300,0.5919395465994962,397,235
PEAKED,default_cull,8,25,0.6292134831460674,89,56
PEAKED,default_cull,8,50,0.6372549019607843,102,65
PEAKED,default_cull,8,100,0.6434782608695652,115,74
PEAKED,default_cull,8,150,0.5923076923076923,130,77
PEAKED,default_cull,8,200,0.6026490066225165,151,91
PEAKED,default_cull,8,250,0.5567010309278351,194,108
PEAKED,default_cull,8,300,0.5076335877862596,262,133
PEAKED,default_cull,9,25,0.572463768115942,138,79
PEAKED,default_cull,9,50,0.5531914893617021,188,104
PEAKED,default_cull,9,100,0.5801886792452831,212,123
PEAKED,default_cull,9,150,0.5889328063241107,253,149
PEAKED,default_cull,9,200,0.6052631578947368,342,207
PEAKED,default_cull,9,250,0.571150097465887,513,293
PEAKED,default_cull,9,300,0.53515625,768,411
PEAKED,default_cull,10,25,0.75,116,87
PEAKED,default_cull,10,50,0.7388059701492538,134,99
PEAKED,default_cull,10,100,0.6973684210526315,152,106
PEAKED,default_cull,10,150,0.6787878787878788,165,112
PEAKED,default_cull,10,200,0.6473214285714286,224,145
PEAKED,default_cull,10,250,0.6151315789473685,304,187
PEAKED,default_cull,10,300,0.5707070707070707,396,226
PEAKED,default_cull,11,25,0.6804123711340206,97,66
PEAKED,default_cull,11,50,0.6460176991150443,113,73
PEAKED,default_cull,11,100,0.6422764227642277,123,79
PEAKED,default_cull,11,150,0.6470588235294118,136,88
PEAKED,default_cull,11,200,0.6384180790960452,177,113
PEAKED,default_cull,11,250,0.634020618556701,194,123
PEAKED,default_cull,11,300,0.5975609756097561,246,147
PEAKED,default_cull,12,25,0.7043478260869566,115,81
PEAKED,default_cull,12,50,0.6901408450704225,142,98
PEAKED,default_cull,12,100,0.69375,160,111
PEAKED,default_cull,12,150,0.6616915422885572,201,133
PEAKED,default_cull,12,200,0.6488888888888888,225,146
PEAKED,default_cull,12,250,0.631578947368421,285,180
PEAKED,default_cull,12,300,0.5934959349593496,369,219
PEAKED,default_cull,13,25,0.5555555555555556,81,45
PEAKED,default_cull,13,50,0.5510204081632653,98,54
PEAKED,default_cull,13,100,0.5396825396825397,126,68
PEAKED,default_cull,13,150,0.5298507462686567,134,71
PEAKED,default_cull,13,200,0.51875,160,83
PEAKED,default_cull,13,250,0.5148514851485149,202,104
PEAKED,default_cull,13,300,0.4834710743801653,242,117
PEAKED,default_cull,14,25,0.6137931034482759,145,89
PEAKED,default_cull,14,50,0.6050955414012739,157,95
PEAKED,default_cull,14,100,0.5771428571428572,175,101
PEAKED,default_cull,14,150,0.5595854922279793,193,108
PEAKED,default_cull,14,200,0.5588235294117647,238,133
PEAKED,default_cull,14,250,0.5428571428571428,315,171
PEAKED,default_cull,14,300,0.48735632183908045,435,212
PEAKED,no_cull,0,25,0.5945945945945946,111,66
PEAKED,no_cull,0,50,0.5833333333333334,120,70
PEAKED,no_cull,0,100,0.5615384615384615,130,73
PEAKED,no_cull,0,150,0.5615384615384615,130,73
PEAKED,no_cull,0,200,0.5615384615384615,130,73
PEAKED,no_cull,0,250,0.5615384615384615,130,73
PEAKED,no_cull,0,300,0.5615384615384615,130,73
PEAKED,no_cull,1,25,0.559322033898305,118,66
PEAKED,no_cull,1,50,0.5714285714285714,133,76
PEAKED,no_cull,1,100,0.5804195804195804,143,83
PEAKED,no_cull,1,150,0.5866666666666667,150,88
PEAKED,no_cull,1,200,0.5900621118012422,161,95
PEAKED,no_cull,1,250,0.5754716981132075,212,122
PEAKED,no_cull,1,300,0.5030674846625767,489,246
PEAKED,no_cull,2,25,0.7049180327868853,122,86
PEAKED,no_cull,2,50,0.6870748299319728,147,101
PEAKED,no_cull,2,100,0.6785714285714286,168,114
PEAKED,no_cull,2,150,0.6744186046511628,172,116
PEAKED,no_cull,2,200,0.6759776536312849,179,121
PEAKED,no_cull,2,250,0.6759776536312849,179,121
PEAKED,no_cull,2,300,0.6758241758241759,182,123
PEAKED,no_cull,3,25,0.6027397260273972,73,44
PEAKED,no_cull,3,50,0.5853658536585366,82,48
PEAKED,no_cull,3,100,0.5882352941176471,85,50
PEAKED,no_cull,3,150,0.5842696629213483,89,52
PEAKED,no_cull,3,200,0.5760869565217391,92,53
PEAKED,no_cull,3,250,0.5806451612903226,93,54
PEAKED,no_cull,3,300,0.5806451612903226,93,54
PEAKED,no_cull,4,25,0.6779661016949152,118,80
PEAKED,no_cull,4,50,0.6592592592592592,135,89
PEAKED,no_cull,4,100,0.6527777777777778,144,94
PEAKED,no_cull,4,150,0.6381578947368421,152,97
PEAKED,no_cull,4,200,0.6282051282051282,156,98
PEAKED,no_cull,4,250,0.6282051282051282,156,98
PEAKED,no_cull,4,300,0.6242038216560509,157,98
PEAKED,no_cull,5,25,0.6634615384615384,104,69
PEAKED,no_cull,5,50,0.6515151515151515,132,86
PEAKED,no_cull,5,100,0.6428571428571429,140,90
PEAKED,no_cull,5,150,0.6433566433566433,143,92
PEAKED,no_cull,5,200,0.6462585034013606,147,95
PEAKED,no_cull,5,250,0.6462585034013606,147,95
PEAKED,no_cull,5,300,0.6418918918918919,148,95
PEAKED,no_cull,6,25,0.7969924812030075,133,106
PEAKED,no_cull,6,50,0.7514792899408284,169,127
PEAKED,no_cull,6,100,0.7386363636363636,176,130
PEAKED,no_cull,6,150,0.73224043715847,183,134
PEAKED,no_cull,6,200,0.723404255319149,188,136
PEAKED,no_cull,6,250,0.7150259067357513,193,138
PEAKED,no_cull,6,300,0.7091836734693877,196,139
PEAKED,no_cull,7,25,0.6257668711656442,163,102
PEAKED,no_cull,7,50,0.6368159203980099,201,128
PEAKED,no_cull,7,100,0.6285714285714286,210,132
PEAKED,no_cull,7,150,0.6342592592592593,216,137
PEAKED,no_cull,7,200,0.6278026905829597,223,140
PEAKED,no_cull,7,250,0.6278026905829597,223,140
PEAKED,no_cull,7,300,0.625,224,140
PEAKED,no_cull,8,25,0.6292134831460674,89,56
PEAKED,no_cull,8,50,0.6262626262626263,99,62
PEAKED,no_cull,8,100,0.6336633663366337,101,64
PEAKED,no_cull,8,150,0.6296296296296297,108,68
PEAKED,no_cull,8,200,0.6296296296296297,108,68
PEAKED,no_cull,8,250,0.6296296296296297,108,68
PEAKED,no_cull,8,300,0.6363636363636364,110,70
PEAKED,no_cull,9,25,0.572463768115942,138,79
PEAKED,no_cull,9,50,0.5641025641025641,195,110
PEAKED,no_cull,9,100,0.5571428571428572,210,117
PEAKED,no_cull,9,150,0.5630630630630631,222,125
PEAKED,no_cull,9,200,0.562992125984252,254,143
PEAKED,no_cull,9,250,0.5210643015521065,451,235
PEAKED,no_cull,9,300,0.43979721166032953,789,347
PEAKED,no_cull,10,25,0.75,116,87
PEAKED,no_cull,10,50,0.7481481481481481,135,101
PEAKED,no_cull,10,100,0.7569444444444444,144,109
PEAKED,no_cull,10,150,0.7419354838709677,155,115
PEAKED,no_cull,10,200,0.7452229299363057,157,117
PEAKED,no_cull,10,250,0.7391304347826086,161,119
PEAKED,no_cull,10,300,0.7361963190184049,163,120
PEAKED,no_cull,11,25,0.6804123711340206,97,66
PEAKED,no_cull,11,50,0.6491228070175439,114,74
PEAKED,no_cull,11,100,0.6440677966101694,118,76
PEAKED,no_cull,11,150,0.6446280991735537,121,78
PEAKED,no_cull,11,200,0.6475409836065574,122,79
PEAKED,no_cull,11,250,0.6475409836065574,122,79
PEAKED,no_cull,11,300,0.6504065040650406,123,80
PEAKED,no_cull,12,25,0.7043478260869566,115,81
PEAKED,no_cull,12,50,0.6934306569343066,137,95
PEAKED,no_cull,12,100,0.6934306569343066,137,95
PEAKED,no_cull,12,150,0.7103448275862069,145,103
PEAKED,no_cull,12,200,0.7133333333333334,150,107
PEAKED,no_cull,12,250,0.7058823529411765,153,108
PEAKED,no_cull,12,300,0.6868131868131868,182,125
PEAKED,no_cull,13,25,0.5555555555555556,81,45
PEAKED,no_cull,13,50,0.5274725274725275,91,48
PEAKED,no_cull,13,100,0.5567010309278351,97,54
PEAKED,no_cull,13,150,0.5673076923076923,104,59
PEAKED,no_cull,13,200,0.5555555555555556,108,60
PEAKED,no_cull,13,250,0.5652173913043478,115,65
PEAKED,no_cull,13,300,0.5546875,128,71
PEAKED,no_cull,14,25,0.6137931034482759,145,89
PEAKED,no_cull,14,50,0.6086956521739131,161,98
PEAKED,no_cull,14,100,0.6206896551724138,174,108
PEAKED,no_cull,14,150,0.615819209039548,177,109
PEAKED,no_cull,14,200,0.6077348066298343,181,110
PEAKED,no_cull,14,250,0.6063829787234043,188,114
PEAKED,no_cull,14,300,0.5961538461538461,208,124
BROAD,default_cull,0,25,0.746031746031746,189,141
BROAD,default_cull,0,50,0.7217391304347827,345,249
BROAD,default_cull,0,100,0.6889763779527559,508,350
BROAD,default_cull,0,150,0.6924265842349304,647,448
BROAD,default_cull,0,200,0.6914016489988222,849,587
BROAD,default_cull,0,250,0.6939146230699365,1101,764
BROAD,default_cull,0,300,0.6770682148040639,1378,933
BROAD,default_cull,1,25,0.7733990147783252,203,157
BROAD,default_cull,1,50,0.7673130193905817,361,277
BROAD,default_cull,1,100,0.7200674536256324,593,427
BROAD,default_cull,1,150,0.7084826762246117,837,593
BROAD,default_cull,1,200,0.6903114186851211,1156,798
BROAD,default_cull,1,250,0.6737541528239203,1505,1014
BROAD,default_cull,1,300,0.667932718393923,1843,1231
BROAD,default_cull,2,25,0.7258064516129032,186,135
BROAD,default_cull,2,50,0.6915254237288135,295,204
BROAD,default_cull,2,100,0.6737967914438503,374,252
BROAD,default_cull,2,150,0.6636155606407322,437,290
BROAD,default_cull,2,200,0.65,520,338
BROAD,default_cull,2,250,0.6339410939691444,713,452
BROAD,default_cull,2,300,0.6147368421052631,950,584
BROAD,default_cull,3,25,0.7165354330708661,127,91
BROAD,default_cull,3,50,0.722972972972973,148,107
BROAD,default_cull,3,100,0.7076923076923077,195,138
BROAD,default_cull,3,150,0.7012987012987013,231,162
BROAD,default_cull,3,200,0.6776315789473685,304,206
BROAD,default_cull,3,250,0.6651785714285714,448,298
BROAD,default_cull,3,300,0.6464,625,404
BROAD,default_cull,4,25,0.7368421052631579,133,98
BROAD,default_cull,4,50,0.7159090909090909,176,126
BROAD,default_cull,4,100,0.7,240,168
BROAD,default_cull,4,150,0.6788079470198676,302,205
BROAD,default_cull,4,200,0.6622222222222223,450,298
BROAD,default_cull,4,250,0.646969696969697,660,427
BROAD,default_cull,4,300,0.624868282402529,949,593
BROAD,default_cull,5,25,0.7634408602150538,186,142
BROAD,default_cull,5,50,0.7407407407407407,297,220
BROAD,default_cull,5,100,0.727735368956743,393,286
BROAD,default_cull,5,150,0.7084805653710248,566,401
BROAD,default_cull,5,200,0.696969696969697,825,575
BROAD,default_cull,5,250,0.6820603907637656,1126,768
BROAD,default_cull,5,300,0.6823697359029265,1401,956
BROAD,default_cull,6,25,0.7321428571428571,168,123
BROAD,default_cull,6,50,0.7333333333333333,270,198
BROAD,default_cull,6,100,0.7118155619596542,347,247
BROAD,default_cull,6,150,0.7274590163934426,488,355
BROAD,default_cull,6,200,0.7009472259810555,739,518
BROAD,default_cull,6,250,0.6783681214421252,1054,715
BROAD,default_cull,6,300,0.6543478260869565,1380,903
BROAD,default_cull,7,25,0.65625,160,105
BROAD,default_cull,7,50,0.6504854368932039,206,134
BROAD,default_cull,7,100,0.6506024096385542,249,162
BROAD,default_cull,7,150,0.6470588235294118,306,198
BROAD,default_cull,7,200,0.6162280701754386,456,281
BROAD,default_cull,7,250,0.6078167115902965,742,451
BROAD,default_cull,7,300,0.5954631379962193,1058,630
BROAD,default_cull,8,25,0.6754966887417219,151,102
BROAD,default_cull,8,50,0.6682926829268293,205,137
BROAD,default_cull,8,100,0.6680161943319838,247,165
BROAD,default_cull,8,150,0.656934306569343,274,180
BROAD,default_cull,8,200,0.6209476309226932,401,249
BROAD,default_cull,8,250,0.6024518388791593,571,344
BROAD,default_cull,8,300,0.596537949400799,751,448
BROAD,default_cull,9,25,0.7171717171717171,198,142
BROAD,default_cull,9,50,0.6904761904761905,336,232
BROAD,default_cull,9,100,0.696652719665272,478,333
BROAD,default_cull,9,150,0.6646706586826348,668,444
BROAD,default_cull,9,200,0.6540948275862069,928,607
BROAD,default_cull,9,250,0.6511824324324325,1184,771
BROAD,default_cull,9,300,0.635743519781719,1466,932
BROAD,default_cull,10,25,0.6958762886597938,194,135
BROAD,default_cull,10,50,0.7228915662650602,332,240
BROAD,default_cull,10,100,0.7328646748681898,569,417
BROAD,default_cull,10,150,0.7212041884816754,764,551
BROAD,default_cull,10,200,0.7126546146527117,1051,749
BROAD,default_cull,10,250,0.7006172839506173,1296,908
BROAD,default_cull,10,300,0.677710843373494,1660,1125
BROAD,default_cull,11,25,0.7160493827160493,162,116
BROAD,default_cull,11,50,0.6973684210526315,228,159
BROAD,default_cull,11,100,0.7060702875399361,313,221
BROAD,default_cull,11,150,0.6765327695560254,473,320
BROAD,default_cull,11,200,0.6516034985422741,686,447
BROAD,default_cull,11,250,0.6366459627329193,966,615
BROAD,default_cull,11,300,0.622168284789644,1236,769
BROAD,default_cull,12,25,0.711340206185567,194,138
BROAD,default_cull,12,50,0.7044673539518901,291,205
BROAD,default_cull,12,100,0.6850393700787402,381,261
BROAD,default_cull,12,150,0.6652719665271967,478,318
BROAD,default_cull,12,200,0.6270676691729323,665,417
BROAD,default_cull,12,250,0.6281628162816282,909,571
BROAD,default_cull,12,300,0.6191275167785235,1192,738
BROAD,default_cull,13,25,0.7085714285714285,175,124
BROAD,default_cull,13,50,0.7137546468401487,269,192
BROAD,default_cull,13,100,0.6925064599483204,387,268
BROAD,default_cull,13,150,0.6884057971014492,552,380
BROAD,default_cull,13,200,0.6797385620915033,765,520
BROAD,default_cull,13,250,0.6698748796920115,1039,696
BROAD,default_cull,13,300,0.6366237482117311,1398,890
BROAD,default_cull,14,25,0.7058823529411765,170,120
BROAD,default_cull,14,50,0.7108433734939759,249,177
BROAD,default_cull,14,100,0.7016129032258065,372,261
BROAD,default_cull,14,150,0.6942567567567568,592,411
BROAD,default_cull,14,200,0.680089485458613,894,608
BROAD,default_cull,14,250,0.6624365482233503,1182,783
BROAD,default_cull,14,300,0.6588471849865952,1492,983
BROAD,no_cull,0,25,0.746031746031746,189,141
BROAD,no_cull,0,50,0.7402234636871509,358,265
BROAD,no_cull,0,100,0.7090909090909091,550,390
BROAD,no_cull,0,150,0.6845827439886846,707,484
BROAD,no_cull,0,200,0.6832535885167464,1045,714
BROAD,no_cull,0,250,0.6747159090909091,1408,950
BROAD,no_cull,0,300,0.6750278706800446,1794,1211
BROAD,no_cull,1,25,0.7733990147783252,203,157
BROAD,no_cull,1,50,0.7654986522911051,371,284
BROAD,no_cull,1,100,0.746268656716418,670,500
BROAD,no_cull,1,150,0.7487231869254342,979,733
BROAD,no_cull,1,200,0.723781388478582,1354,980
BROAD,no_cull,1,250,0.7030442274554853,1741,1224
BROAD,no_cull,1,300,0.6962998558385392,2081,1449
BROAD,no_cull,2,25,0.7258064516129032,186,135
BROAD,no_cull,2,50,0.6996805111821086,313,219
BROAD,no_cull,2,100,0.6883116883116883,385,265
BROAD,no_cull,2,150,0.6877828054298643,442,304
BROAD,no_cull,2,200,0.6637630662020906,574,381
BROAD,no_cull,2,250,0.6311475409836066,854,539
BROAD,no_cull,2,300,0.6155642023346304,1285,791
BROAD,no_cull,3,25,0.7165354330708661,127,91
BROAD,no_cull,3,50,0.7152777777777778,144,103
BROAD,no_cull,3,100,0.710691823899371,159,113
BROAD,no_cull,3,150,0.6871794871794872,195,134
BROAD,no_cull,3,200,0.6636904761904762,336,223
BROAD,no_cull,3,250,0.6372093023255814,645,411
BROAD,no_cull,3,300,0.6161321671525753,1029,634
BROAD,no_cull,4,25,0.7368421052631579,133,98
BROAD,no_cull,4,50,0.6795580110497238,181,123
BROAD,no_cull,4,100,0.6682242990654206,214,143
BROAD,no_cull,4,150,0.6485507246376812,276,179
BROAD,no_cull,4,200,0.6298076923076923,416,262
BROAD,no_cull,4,250,0.5856209150326798,765,448
BROAD,no_cull,4,300,0.5659432387312187,1198,678
BROAD,no_cull,5,25,0.7634408602150538,186,142
BROAD,no_cull,5,50,0.7591973244147158,299,227
BROAD,no_cull,5,100,0.7345971563981043,422,310
BROAD,no_cull,5,150,0.7352517985611511,695,511
BROAD,no_cull,5,200,0.7263875365141188,1027,746
BROAD,no_cull,5,250,0.71985559566787,1385,997
BROAD,no_cull,5,300,0.6950819672131148,1830,1272
BROAD,no_cull,6,25,0.7321428571428571,168,123
BROAD,no_cull,6,50,0.72,275,198
BROAD,no_cull,6,100,0.7051282051282052,390,275
BROAD,no_cull,6,150,0.7005253940455342,571,400
BROAD,no_cull,6,200,0.6829787234042554,940,642
BROAD,no_cull,6,250,0.6656760772659732,1346,896
BROAD,no_cull,6,300,0.6570783981951495,1773,1165
BROAD,no_cull,7,25,0.65625,160,105
BROAD,no_cull,7,50,0.6517857142857143,224,146
BROAD,no_cull,7,100,0.6505190311418685,289,188
BROAD,no_cull,7,150,0.6566265060240963,498,327
BROAD,no_cull,7,200,0.6482525366403608,887,575
BROAD,no_cull,7,250,0.6354933726067746,1358,863
BROAD,no_cull,7,300,0.6350446428571429,1792,1138
BROAD,no_cull,8,25,0.6754966887417219,151,102
BROAD,no_cull,8,50,0.6747572815533981,206,139
BROAD,no_cull,8,100,0.6581818181818182,275,181
BROAD,no_cull,8,150,0.6430446194225722,381,245
BROAD,no_cull,8,200,0.6169154228855721,603,372
BROAD,no_cull,8,250,0.6108786610878661,956,584
BROAD,no_cull,8,300,0.602919708029197,1370,826
BROAD,no_cull,9,25,0.7171717171717171,198,142
BROAD,no_cull,9,50,0.6783625730994152,342,232
BROAD,no_cull,9,100,0.6551724137931034,435,285
BROAD,no_cull,9,150,0.6752136752136753,585,395
BROAD,no_cull,9,200,0.6633221850613155,897,595
BROAD,no_cull,9,250,0.6616428033157498,1327,878
BROAD,no_cull,9,300,0.6538461538461539,1794,1173
BROAD,no_cull,10,25,0.6958762886597938,194,135
BROAD,no_cull,10,50,0.7288629737609329,343,250
BROAD,no_cull,10,100,0.7140287769784173,556,397
BROAD,no_cull,10,150,0.7058823529411765,748,528
BROAD,no_cull,10,200,0.6802480070859167,1129,768
BROAD,no_cull,10,250,0.6802675585284281,1495,1017
BROAD,no_cull,10,300,0.670301142263759,1926,1291
BROAD,no_cull,11,25,0.7160493827160493,162,116
BROAD,no_cull,11,50,0.6926406926406926,231,160
BROAD,no_cull,11,100,0.7083333333333334,312,221
BROAD,no_cull,11,150,0.7011494252873564,435,305
BROAD,no_cull,11,200,0.6613603473227206,691,457
BROAD,no_cull,11,250,0.6415607985480943,1102,707
BROAD,no_cull,11,300,0.630648330058939,1527,963
BROAD,no_cull,12,25,0.711340206185567,194,138
BROAD,no_cull,12,50,0.7084745762711865,295,209
BROAD,no_cull,12,100,0.6947115384615384,416,289
BROAD,no_cull,12,150,0.6928702010968921,547,379
BROAD,no_cull,12,200,0.6824966078697422,737,503
BROAD,no_cull,12,250,0.6396724294813467,1099,703
BROAD,no_cull,12,300,0.607645875251509,1491,906
BROAD,no_cull,13,25,0.7085714285714285,175,124
BROAD,no_cull,13,50,0.6909090909090909,275,190
BROAD,no_cull,13,100,0.672289156626506,415,279
BROAD,no_cull,13,150,0.6866197183098591,568,390
BROAD,no_cull,13,200,0.6636363636363637,880,584
BROAD,no_cull,13,250,0.6414653156664069,1283,823
BROAD,no_cull,13,300,0.6274285714285714,1750,1098
BROAD,no_cull,14,25,0.7058823529411765,170,120
BROAD,no_cull,14,50,0.7098039215686275,255,181
BROAD,no_cull,14,100,0.6850393700787402,381,261
BROAD,no_cull,14,150,0.6786885245901639,610,414
BROAD,no_cull,14,200,0.6531850353892821,989,646
BROAD,no_cull,14,250,0.628987517337032,1442,907
BROAD,no_cull,14,300,0.6306638566912539,1898,1197
