param,level,label,seed,fail_rate,gini,mean_reputation
alpha,0.05,PEAKED,0,0.6363636363636364,0.07234154007333671,15.704811470224787
alpha,0.05,PEAKED,1,0.5621890547263682,0.083180987202925,17.48527499496004
alpha,0.05,PEAKED,2,0.5743801652892562,0.05212314225053061,15.542918726636996
alpha,0.05,PEAKED,3,0.5812807881773399,0.06809815950920228,16.128640454222058
alpha,0.05,PEAKED,4,0.5637065637065637,0.0654471544715447,16.200356087523275
alpha,0.05,PEAKED,5,0.6088888888888889,0.04639830508474563,15.62037930088757
alpha,0.05,PEAKED,6,0.6236933797909407,0.0827268316351284,16.77691965479962
alpha,0.05,PEAKED,7,0.6461038961038961,0.04486383182035336,17.224326619896832
alpha,0.05,BROAD,0,0.686289697908598,0.06839594514013103,12.804455084047682
alpha,0.05,BROAD,1,0.6789895255699322,0.045684523809523814,10.14077202678581
alpha,0.05,BROAD,2,0.6517766497461929,0.03392751039809849,13.377973437925357
alpha,0.05,BROAD,3,0.6325088339222615,0.05484477892756345,16.961907895714184
alpha,0.05,BROAD,4,0.640495867768595,0.06311207834602817,14.469888993633043
alpha,0.05,BROAD,5,0.6911764705882353,0.05501285347043683,12.592527663013682
alpha,0.05,BROAD,6,0.6394628099173554,0.04603564843269803,12.764422296022344
alpha,0.05,BROAD,7,0.6555819477434679,0.05498281786941561,14.209826327568015
alpha,0.05,FLAT,0,0.7070866141732284,0.07724230254350717,5.239702583545716
alpha,0.05,FLAT,1,0.711837385412515,0.0477672530446549,4.756406881864384
alpha,0.05,FLAT,2,0.6834069907593411,0.1679790026246719,6.0064821240087065
alpha,0.05,FLAT,3,0.7195809830781628,0.051483870967741874,5.117087392071812
alpha,0.05,FLAT,4,0.7232625884311278,0.0251781472684085,6.326361961196117
alpha,0.05,FLAT,5,0.7024409143742736,0.0820163487738419,4.980873666013651
alpha,0.05,FLAT,6,0.7177990829512296,0.0526992287917738,5.774120712453988
alpha,0.05,FLAT,7,0.7179902755267423,0.03844121532364597,5.101315378633512
alpha,0.075,PEAKED,0,0.5380952380952381,0.0655795283492222,16.452686054094585
alpha,0.075,PEAKED,1,0.5551601423487544,0.06177474402730376,16.73714388558415
alpha,0.075,PEAKED,2,0.6438356164383562,0.05118186203569697,16.92365794396851
alpha,0.075,PEAKED,3,0.5865921787709497,0.06854571293225953,17.365117977958015
alpha,0.075,PEAKED,4,0.5513307984790875,0.08040293040293034,17.736706658166327
alpha,0.075,PEAKED,5,0.6231884057971014,0.06252505010020037,16.188197969209476
alpha,0.075,PEAKED,6,0.6127659574468085,0.06479514415781473,16.364248379999427
alpha,0.075,PEAKED,7,0.6065989847715736,0.08408779149519874,17.338265066333136
alpha,0.075,BROAD,0,0.6434923201293452,0.048676171079429675,11.724196557966627
alpha,0.075,BROAD,1,0.6666666666666666,0.07236322617033264,14.008755850761283
alpha,0.075,BROAD,2,0.6666666666666666,0.04752217005738113,15.413988291363696
alpha,0.075,BROAD,3,0.6091954022988506,0.05589519650655017,14.71589155914113
alpha,0.075,BROAD,4,0.6386404293381037,0.05907553551296507,14.383785958556995
alpha,0.075,BROAD,5,0.6534926470588235,0.049264190609670466,11.434673509704524
alpha,0.075,BROAD,6,0.6332574031890661,0.04418604651162772,16.25964971529891
alpha,0.075,BROAD,7,0.6569920844327177,0.05474667978357095,16.480545103674668
alpha,0.075,FLAT,0,0.7307080350039777,0.0708333333333333,4.71368316593401
alpha,0.075,FLAT,1,0.7200469851213782,0.037159253945480586,4.5114990087262585
alpha,0.075,FLAT,2,0.7274187073464472,0.07999999999999985,4.659829058371137
alpha,0.075,FLAT,3,0.7096903900281464,0.05801825293350715,5.164519997054295
alpha,0.075,FLAT,4,0.7017543859649122,0.04954128440366956,6.091151340119584
alpha,0.075,FLAT,5,0.7131083202511774,0.08212765957446799,4.748281752942368
alpha,0.075,FLAT,6,0.6994035785288271,0.06380952380952376,3.995836660036147
alpha,0.075,FLAT,7,0.7218838814453918,0.033759590792838745,5.41528739114621
alpha,0.1,PEAKED,0,0.5934579439252337,0.06630934150076562,16.38424881901965
alpha,0.1,PEAKED,1,0.6145038167938931,0.05792736935340992,18.50795174392139
alpha,0.1,PEAKED,2,0.628,0.05267986479961362,16.979007267831584
alpha,0.1,PEAKED,3,0.6130653266331658,0.07409274193548376,16.51440276581258
alpha,0.1,PEAKED,4,0.5927272727272728,0.07203267659778945,17.23705783089401
alpha,0.1,PEAKED,5,0.6844262295081968,0.06873315363881383,17.74840615178339
alpha,0.1,PEAKED,6,0.6352459016393442,0.05936883629191314,16.819009375123464
alpha,0.1,PEAKED,7,0.6608996539792388,0.07735498839907184,17.5699953658446
alpha,0.1,BROAD,0,0.6871227364185111,0.06510144927536232,14.003119376899432
alpha,0.1,BROAD,1,0.6644549763033175,0.06580766813324934,12.942082724477846
alpha,0.1,BROAD,2,0.6526479750778816,0.054922538730634685,16.400111573781313
alpha,0.1,BROAD,3,0.6752136752136753,0.05933232169954472,15.961357680013773
alpha,0.1,BROAD,4,0.6346456692913386,0.06733780760626384,14.623430212046872
alpha,0.1,BROAD,5,0.6610526315789473,0.05195599022004882,13.18460141202087
alpha,0.1,BROAD,6,0.6146881287726358,0.06609625668449182,14.802838648476202
alpha,0.1,BROAD,7,0.6548672566371682,0.05740072202166058,15.862996376279346
alpha,0.1,FLAT,0,0.7153692614770459,0.035567010309278224,5.164744821341388
alpha,0.1,FLAT,1,0.6906812842599843,0.0672937771345874,4.342578663859481
alpha,0.1,FLAT,2,0.7204472843450479,0.04974093264248691,4.9205793415744745
alpha,0.1,FLAT,3,0.7189465408805031,0.041768707482993106,4.78059178487047
alpha,0.1,FLAT,4,0.7102952913008779,0.04925373134328348,4.610382293909736
alpha,0.1,FLAT,5,0.726232741617357,0.04791366906474814,4.675937682011539
alpha,0.1,FLAT,6,0.7145141943222711,0.07313432835820888,5.248338821476225
alpha,0.1,FLAT,7,0.7083503054989817,0.07433035714285707,6.401799951363809
alpha,0.15,PEAKED,0,0.6574585635359116,0.061660686827267996,16.426712666212538
alpha,0.15,PEAKED,1,0.6410256410256411,0.05852451641925316,18.268417305322306
alpha,0.15,PEAKED,2,0.5925925925925926,0.06537396121883643,17.807802612877293
alpha,0.15,PEAKED,3,0.5396039603960396,0.08767507002801112,17.319069707184372
alpha,0.15,PEAKED,4,0.6029411764705882,0.08245307725883877,18.867346994734152
alpha,0.15,PEAKED,5,0.5961538461538461,0.05811881188118795,16.867230157531065
alpha,0.15,PEAKED,6,0.6551724137931034,0.06347909658817863,17.335686154205533
alpha,0.15,PEAKED,7,0.667953667953668,0.04395253308991309,18.252869762723932
alpha,0.15,BROAD,0,0.6481665014866204,0.05507088331515808,14.717105112234817
alpha,0.15,BROAD,1,0.6696146557169931,0.06839762611275946,10.74838026434314
alpha,0.15,BROAD,2,0.6573604060913706,0.05117466802860049,15.832393429460291
alpha,0.15,BROAD,3,0.630648330058939,0.05863013698630137,17.31364586383969
alpha,0.15,BROAD,4,0.6184738955823293,0.07218205019140789,18.7068963250165
alpha,0.15,BROAD,5,0.5909090909090909,0.08306264501160077,14.11802194972477
alpha,0.15,BROAD,6,0.58603066439523,0.03568406205923824,16.966974738467872
alpha,0.15,BROAD,7,0.6152954808806489,0.07328727691421988,14.000117157056122
alpha,0.15,FLAT,0,0.7128392061563386,0.057783018867924474,5.784325989868526
alpha,0.15,FLAT,1,0.7068965517241379,0.04325908558030478,5.6270116272396145
alpha,0.15,FLAT,2,0.7162324649298597,0.056611039794608464,5.121411026314202
alpha,0.15,FLAT,3,0.707810602994739,0.040855106888360915,5.845193599902284
alpha,0.15,FLAT,4,0.7275653923541248,0.0407022106631989,5.298424879588007
alpha,0.15,FLAT,5,0.7089733225545675,0.03422007255139059,5.41580562355598
alpha,0.15,FLAT,6,0.693801652892562,0.04834437086092702,6.050634783650832
alpha,0.15,FLAT,7,0.7166799680766162,0.04596100278551529,4.804928117591456
alpha,0.2,PEAKED,0,0.625,0.08668568711364699,17.60266105832164
alpha,0.2,PEAKED,1,0.6531531531531531,0.08021266759130818,18.10270723621433
alpha,0.2,PEAKED,2,0.6096654275092936,0.06446124763705097,17.515095640111717
alpha,0.2,PEAKED,3,0.555,0.055266821345707484,17.823111524645356
alpha,0.2,PEAKED,4,0.569811320754717,0.05199275362318834,18.298178588334096
alpha,0.2,PEAKED,5,0.5723684210526315,0.048737494044783114,17.317120420998105
alpha,0.2,PEAKED,6,0.6088560885608856,0.06621490803484997,17.439578174359834
alpha,0.2,PEAKED,7,0.5923566878980892,0.05537027954879825,17.093182399450768
alpha,0.2,BROAD,0,0.6711281070745698,0.05873374788015817,14.111554569351178
alpha,0.2,BROAD,1,0.6887218045112782,0.05151148730350652,13.116724563294886
alpha,0.2,BROAD,2,0.6890243902439024,0.05699132111861127,16.65329870967659
alpha,0.2,BROAD,3,0.665158371040724,0.05956926089084669,16.733797565255784
alpha,0.2,BROAD,4,0.6300148588410104,0.05920293654955411,15.211492968921455
alpha,0.2,BROAD,5,0.6635730858468677,0.043240343347639376,14.798848199306901
alpha,0.2,BROAD,6,0.6306068601583114,0.06390745501285333,15.821508839505174
alpha,0.2,BROAD,7,0.6601671309192201,0.07120237506185045,16.640650368726902
alpha,0.2,FLAT,0,0.7174515235457064,0.0534320323014803,5.033757168149166
alpha,0.2,FLAT,1,0.7172413793103448,0.06197352587244276,5.904254538438046
alpha,0.2,FLAT,2,0.7319461444308446,0.06363636363636349,6.117278084501217
alpha,0.2,FLAT,3,0.7135437475029964,0.05592783505154619,5.242522300239674
alpha,0.2,FLAT,4,0.7001185302252074,0.09366391184572986,4.7860742156518405
alpha,0.2,FLAT,5,0.739216462208152,0.05254237288135588,4.664499063782702
alpha,0.2,FLAT,6,0.713943268078306,0.05546334716459178,4.758699103575134
alpha,0.2,FLAT,7,0.7078838174273859,0.0645536869340233,5.481421434929547
beta,1.5,PEAKED,0,0.5661016949152542,0.08565297363580626,13.69448339696553
beta,1.5,PEAKED,1,0.5964912280701754,0.05982042648709296,14.614946067051482
beta,1.5,PEAKED,2,0.604982206405694,0.062333911034084366,14.265083377365231
beta,1.5,PEAKED,3,0.6149068322981367,0.06691973969631237,15.138522392268396
beta,1.5,PEAKED,4,0.5191082802547771,0.09810426540284345,15.258976988767499
beta,1.5,PEAKED,5,0.624031007751938,0.0684089603676048,14.43686524220416
beta,1.5,PEAKED,6,0.6161290322580645,0.04896291640477668,13.250923530608281
beta,1.5,PEAKED,7,0.658307210031348,0.050939457202505034,15.467147927410036
beta,1.5,BROAD,0,0.6932067202337473,0.04731494920174151,10.89031909923504
beta,1.5,BROAD,1,0.6905187835420393,0.037431192660550394,8.525965676775392
beta,1.5,BROAD,2,0.6439066551426103,0.10239605355884418,11.10682399670548
beta,1.5,BROAD,3,0.6343283582089553,0.06139817629179323,15.62657887290532
beta,1.5,BROAD,4,0.6747663551401869,0.06276243093922651,14.728918592726245
beta,1.5,BROAD,5,0.6826137689614936,0.04516450648055814,7.716180387720969
beta,1.5,BROAD,6,0.6270833333333333,0.07602862254025045,13.569127674992645
beta,1.5,BROAD,7,0.6581415174765558,0.06967559943582491,11.577063316833032
beta,1.5,FLAT,0,0.6985381272224417,0.03788819875776395,5.144037780680619
beta,1.5,FLAT,1,0.7124413145539906,0.0961696306429547,4.954064543625491
beta,1.5,FLAT,2,0.711217183770883,0.0598901098901099,4.495653817888557
beta,1.5,FLAT,3,0.7051905920519059,0.03196125907990299,5.342149464154954
beta,1.5,FLAT,4,0.7105678233438486,0.05127819548872181,4.567801616942108
beta,1.5,FLAT,5,0.7174515235457064,0.08081761006289301,4.1522616858205295
beta,1.5,FLAT,6,0.7048841059602649,0.07098039215686258,5.464773210399726
beta,1.5,FLAT,7,0.7141710156563629,0.04619718309859144,4.580436947251362
beta,2.0,PEAKED,0,0.6435643564356436,0.08380024360535931,13.83551686542342
beta,2.0,PEAKED,1,0.603448275862069,0.06162790697674403,16.614964198807535
beta,2.0,PEAKED,2,0.616,0.07190500252652843,16.021223359183427
beta,2.0,PEAKED,3,0.593607305936073,0.09757842597688482,14.824661932752415
beta,2.0,PEAKED,4,0.5824561403508772,0.08201219512195124,15.880101844002551
beta,2.0,PEAKED,5,0.6143344709897611,0.07333333333333325,15.872527191930523
beta,2.0,PEAKED,6,0.6148867313915858,0.08728951656708306,15.133272383490262
beta,2.0,PEAKED,7,0.6793103448275862,0.053934942287513055,16.008060447570173
beta,2.0,BROAD,0,0.6623853211009174,0.05771905424200274,11.308571005668721
beta,2.0,BROAD,1,0.6656891495601173,0.05274566473988429,11.150324536337578
beta,2.0,BROAD,2,0.6457905544147844,0.04320536258379026,12.698584968687436
beta,2.0,BROAD,3,0.6353276353276354,0.0345300950369587,15.123758150440164
beta,2.0,BROAD,4,0.631762652705061,0.06986951364175553,13.812693205475806
beta,2.0,BROAD,5,0.6620294599018003,0.06560056858564312,11.221598146876222
beta,2.0,BROAD,6,0.6330708661417322,0.05634379263301481,11.674581064072338
beta,2.0,BROAD,7,0.6146788990825688,0.06958290946083401,15.39950987023162
beta,2.0,FLAT,0,0.72562893081761,0.0347222222222221,4.51562824389276
beta,2.0,FLAT,1,0.7193053311793215,0.03674775928297036,5.391377689113605
beta,2.0,FLAT,2,0.7127139364303179,0.0359661495063468,4.898379979055092
beta,2.0,FLAT,3,0.7034564021995287,0.06975036710719529,4.286320205933065
beta,2.0,FLAT,4,0.7300275482093664,0.05947521865889205,4.810207202036263
beta,2.0,FLAT,5,0.7230586370839936,0.043589743589743435,4.793538557563263
beta,2.0,FLAT,6,0.7213724679619677,0.05994694960212188,5.166396082545401
beta,2.0,FLAT,7,0.7145180967873119,0.06271186440677967,4.795980252320607
beta,3.0,PEAKED,0,0.5934579439252337,0.06630934150076562,16.38424881901965
beta,3.0,PEAKED,1,0.6145038167938931,0.05792736935340992,18.50795174392139
beta,3.0,PEAKED,2,0.628,0.05267986479961362,16.979007267831584
beta,3.0,PEAKED,3,0.6130653266331658,0.07409274193548376,16.51440276581258
beta,3.0,PEAKED,4,0.5927272727272728,0.07203267659778945,17.23705783089401
beta,3.0,PEAKED,5,0.6844262295081968,0.06873315363881383,17.74840615178339
beta,3.0,PEAKED,6,0.6352459016393442,0.05936883629191314,16.819009375123464
beta,3.0,PEAKED,7,0.6608996539792388,0.07735498839907184,17.5699953658446
beta,3.0,BROAD,0,0.6871227364185111,0.06510144927536232,14.003119376899432
beta,3.0,BROAD,1,0.6644549763033175,0.06580766813324934,12.942082724477846
beta,3.0,BROAD,2,0.6526479750778816,0.054922538730634685,16.400111573781313
beta,3.0,BROAD,3,0.6752136752136753,0.05933232169954472,15.961357680013773
beta,3.0,BROAD,4,0.6346456692913386,0.06733780760626384,14.623430212046872
beta,3.0,BROAD,5,0.6610526315789473,0.05195599022004882,13.18460141202087
beta,3.0,BROAD,6,0.6146881287726358,0.06609625668449182,14.802838648476202
beta,3.0,BROAD,7,0.6548672566371682,0.05740072202166058,15.862996376279346
beta,3.0,FLAT,0,0.7153692614770459,0.035567010309278224,5.164744821341388
beta,3.0,FLAT,1,0.6906812842599843,0.0672937771345874,4.342578663859481
beta,3.0,FLAT,2,0.7204472843450479,0.04974093264248691,4.9205793415744745
beta,3.0,FLAT,3,0.7189465408805031,0.041768707482993106,4.78059178487047
beta,3.0,FLAT,4,0.7102952913008779,0.04925373134328348,4.610382293909736
beta,3.0,FLAT,5,0.726232741617357,0.04791366906474814,4.675937682011539
beta,3.0,FLAT,6,0.7145141943222711,0.07313432835820888,5.248338821476225
beta,3.0,FLAT,7,0.7083503054989817,0.07433035714285707,6.401799951363809
beta,4.5,PEAKED,0,0.6285714285714286,0.09336492890995252,19.211988064876685
beta,4.5,PEAKED,1,0.62,0.08046658758402514,20.88316226555164
beta,4.5,PEAKED,2,0.6288659793814433,0.04551083591331251,21.0949863749221
beta,4.5,PEAKED,3,0.5489130434782609,0.05828170177612546,20.07454422098866
beta,4.5,PEAKED,4,0.6147540983606558,0.0816888888888887,18.767472915167676
beta,4.5,PEAKED,5,0.5972222222222222,0.04566363200766643,17.484328449611994
beta,4.5,PEAKED,6,0.6130434782608696,0.05455291222313363,20.08964941882112
beta,4.5,PEAKED,7,0.5888157894736842,0.05400265369305601,18.48156559493313
beta,4.5,BROAD,0,0.6609360076408787,0.05353339787028055,16.101357914348693
beta,4.5,BROAD,1,0.6827309236947792,0.07271639409652964,19.857497776784733
beta,4.5,BROAD,2,0.6195652173913043,0.04463323663489427,19.136828060252117
beta,4.5,BROAD,3,0.6128133704735376,0.08637274549098195,20.27855806428086
beta,4.5,BROAD,4,0.6621923937360179,0.07688723205964587,17.78348189913826
beta,4.5,BROAD,5,0.6550802139037433,0.04713707345286289,13.30611251994857
beta,4.5,BROAD,6,0.6338709677419355,0.040542832909244986,18.946127638961762
beta,4.5,BROAD,7,0.6223021582733813,0.044820717131474064,16.36736273801014
beta,4.5,FLAT,0,0.7170671085335543,0.06371986222732473,6.329001377612062
beta,4.5,FLAT,1,0.7311657414750198,0.03342657342657329,4.7510897806395125
beta,4.5,FLAT,2,0.7121815286624203,0.04425363276089822,4.945474397404083
beta,4.5,FLAT,3,0.6899128268991283,0.05969498910675375,6.4972858839550875
beta,4.5,FLAT,4,0.7061175529788085,0.03922018348623846,5.922186103174909
beta,4.5,FLAT,5,0.694647201946472,0.058636897767332385,5.762559922870207
beta,4.5,FLAT,6,0.7083508182962652,0.05598631698973766,6.465727977497056
beta,4.5,FLAT,7,0.7181020733652312,0.043699731903485084,4.966804118611235
beta,6.0,PEAKED,0,0.6720430107526881,0.05509025270758117,22.689919792318168
beta,6.0,PEAKED,1,0.5795454545454546,0.07942250248921323,24.06333477902001
beta,6.0,PEAKED,2,0.6194331983805668,0.041238195173137315,23.321115570876923
beta,6.0,PEAKED,3,0.544973544973545,0.04241552839683682,22.615424873759938
beta,6.0,PEAKED,4,0.6694915254237288,0.04385569334836514,22.22387976191802
beta,6.0,PEAKED,5,0.5518867924528302,0.042051282051281946,22.883411141195314
beta,6.0,PEAKED,6,0.6523809523809524,0.04732909973851318,22.014810475165635
beta,6.0,PEAKED,7,0.6304347826086957,0.06529269137512972,23.832862487955346
beta,6.0,BROAD,0,0.6680384087791496,0.0466459868165956,20.488817592179913
beta,6.0,BROAD,1,0.6776798825256976,0.05482897384305829,15.688880936040613
beta,6.0,BROAD,2,0.6771378708551483,0.06862453531598511,20.98686159200479
beta,6.0,BROAD,3,0.633177570093458,0.061286214581343534,24.376177933489267
beta,6.0,BROAD,4,0.643312101910828,0.051832907075873846,19.45398445507619
beta,6.0,BROAD,5,0.6566390041493776,0.07628865979381438,18.681579290943834
beta,6.0,BROAD,6,0.6678832116788321,0.053330674112485044,20.569820182965838
beta,6.0,BROAD,7,0.6417445482866043,0.04238488783943328,20.6538841023436
beta,6.0,FLAT,0,0.7246259603720178,0.040224719101123574,6.032482199553953
beta,6.0,FLAT,1,0.7225409836065574,0.0543700340522133,6.4430751140564215
beta,6.0,FLAT,2,0.7114178168130489,0.03402275077559458,7.035053471410431
beta,6.0,FLAT,3,0.7236734693877551,0.05757575757575739,6.498100449466121
beta,6.0,FLAT,4,0.7152209492635024,0.032928064842958404,7.120721584894557
beta,6.0,FLAT,5,0.7278778386844166,0.06622340425531914,5.14477634356314
beta,6.0,FLAT,6,0.6984469370146679,0.06027996500437438,8.916097367369854
beta,6.0,FLAT,7,0.7100806451612903,0.043127962085308,5.809938614793264
