label,seed,step,mean_skill,peak_skill
PEAKED,0,0,0.31381370691730937,0.6737055589050602
PEAKED,0,50,0.3293432853314603,0.6783944967958006
PEAKED,0,100,0.3475871770860056,0.6746921645753475
PEAKED,0,150,0.36028712471740504,0.6560881374861206
PEAKED,0,200,0.3667111106189972,0.633856519238772
PEAKED,0,250,0.37398074773102485,0.6208467055325932
PEAKED,0,300,0.3834094519901025,0.5980157687707525
PEAKED,1,0,0.31233359854294945,0.6828639279224555
PEAKED,1,50,0.32696770789045415,0.6920421182466745
PEAKED,1,100,0.34768760528524295,0.6888375537483088
PEAKED,1,150,0.3649894353850065,0.6805147519301918
PEAKED,1,200,0.3751700477277244,0.6519950903610449
PEAKED,1,250,0.3873612713651656,0.6371357827309317
PEAKED,1,300,0.4000419298337748,0.6270488130908505
PEAKED,2,0,0.31672933237410267,0.6810989179903062
PEAKED,2,50,0.33279165896313884,0.6785976377223879
PEAKED,2,100,0.3538552220183889,0.6739304904225625
PEAKED,2,150,0.36910141093451215,0.6530499135211927
PEAKED,2,200,0.38250407225614097,0.6279556787873322
PEAKED,2,250,0.3962108571381434,0.6075753329356866
PEAKED,2,300,0.4029844628617565,0.6021083290272428
PEAKED,3,0,0.3271052024375074,0.7257067689568575
PEAKED,3,50,0.346219531299583,0.7366583687774625
PEAKED,3,100,0.3690539766534347,0.7337966998712038
PEAKED,3,150,0.38568130360364367,0.7282119966884197
PEAKED,3,200,0.3949238591504236,0.7115677099416505
PEAKED,3,250,0.4054385517845842,0.6773496039965066
PEAKED,3,300,0.41601184061390495,0.6662995985263908
PEAKED,4,0,0.3289168226737362,0.7334812318504937
PEAKED,4,50,0.3413720267616086,0.7249923659197879
PEAKED,4,100,0.36046705828033043,0.7189679611827511
PEAKED,4,150,0.37760533787624906,0.7099508829266818
PEAKED,4,200,0.3852178219014459,0.6776366440489922
PEAKED,4,250,0.391975285710472,0.6460888326480485
PEAKED,4,300,0.40487348094404674,0.6360727057946138
PEAKED,5,0,0.31796130513265586,0.6781457821154874
PEAKED,5,50,0.3290579269767702,0.6769845784891187
PEAKED,5,100,0.34471992488277464,0.6662735938623663
PEAKED,5,150,0.35820081950582394,0.6591391378320194
PEAKED,5,200,0.36619767551853694,0.6523913107161197
PEAKED,5,250,0.3831480964033475,0.6467654776760041
PEAKED,5,300,0.3943264041540959,0.6365208656061754
PEAKED,6,0,0.3138439430587293,0.7066284715350963
PEAKED,6,50,0.32939019802741354,0.7048948928438498
PEAKED,6,100,0.34620020046329764,0.6900083633143757
PEAKED,6,150,0.36288442689920564,0.6734490540916812
PEAKED,6,200,0.37956005802081505,0.6668372367996497
PEAKED,6,250,0.39994579244011275,0.6648521005952829
PEAKED,6,300,0.41368864933257055,0.6584514254589319
PEAKED,7,0,0.32219385453288246,0.6974618485038622
PEAKED,7,50,0.32941182877492214,0.6977434746986141
PEAKED,7,100,0.347807664318991,0.6800037681922866
PEAKED,7,150,0.3703504391384091,0.6812416592531129
PEAKED,7,200,0.3898607931903145,0.6556489745559385
PEAKED,7,250,0.4102622917955038,0.6492057190557418
PEAKED,7,300,0.4268545645961535,0.6527679926543213
PEAKED,8,0,0.31464888447312733,0.7151386034875276
PEAKED,8,50,0.3352080989453083,0.7213444859114857
PEAKED,8,100,0.35412392490241157,0.7108357287604632
PEAKED,8,150,0.374612498793049,0.6903325738769226
PEAKED,8,200,0.3946573587534085,0.6664937042171869
PEAKED,8,250,0.4083549200120812,0.6573015076992952
PEAKED,8,300,0.4196736849678267,0.6447903383959596
PEAKED,9,0,0.3247340442096837,0.6880549295230577
PEAKED,9,50,0.334084810780899,0.6871733057392945
PEAKED,9,100,0.3594785477920266,0.6821692516596708
PEAKED,9,150,0.3802592785200536,0.696118922484948
PEAKED,9,200,0.396599969412288,0.6869788144531229
PEAKED,9,250,0.41130637019522,0.6779935221087046
PEAKED,9,300,0.41630297063770244,0.6803903453205739
PEAKED,10,0,0.31641912980835774,0.668546716225198
PEAKED,10,50,0.3303855032352566,0.6717904249205353
PEAKED,10,100,0.3531291930008401,0.6748475024622045
PEAKED,10,150,0.37734711932903686,0.6692724340071686
PEAKED,10,200,0.39772203578517384,0.6657842485096936
PEAKED,10,250,0.4071091811650683,0.6469896946465409
PEAKED,10,300,0.41491528454238064,0.6328137868099303
PEAKED,11,0,0.32586203676280434,0.7054781318526906
PEAKED,11,50,0.33757174339417456,0.7114836142010944
PEAKED,11,100,0.35379176739857865,0.6920151613318204
PEAKED,11,150,0.37158902005731104,0.6804891387046926
PEAKED,11,200,0.37929105900961124,0.6267139935371289
PEAKED,11,250,0.38989835008602175,0.6191458224701871
PEAKED,11,300,0.4000512039291683,0.621299816581424
PEAKED,12,0,0.326440504445129,0.6772558778334635
PEAKED,12,50,0.3416127804263518,0.6785816090177018
PEAKED,12,100,0.3583747741011373,0.6644440608277469
PEAKED,12,150,0.374510500174678,0.6434290230682435
PEAKED,12,200,0.3847420344207467,0.6093272810007884
PEAKED,12,250,0.39899485315068567,0.6055272174181243
PEAKED,12,300,0.41737666248785243,0.6071619291625414
PEAKED,13,0,0.311935313682257,0.6996180417537466
PEAKED,13,50,0.3317284829709207,0.7052127706428218
PEAKED,13,100,0.35188681667395294,0.7060712115253611
PEAKED,13,150,0.3655692188516006,0.6889077185887467
PEAKED,13,200,0.3723066734265729,0.6588324921122839
PEAKED,13,250,0.37944674627770236,0.6327886673246182
PEAKED,13,300,0.39385342080547,0.6312250047206465
PEAKED,14,0,0.32651631273190046,0.6851733779577641
PEAKED,14,50,0.3381269911106554,0.67269437670993
PEAKED,14,100,0.360008058296315,0.7006336742127824
PEAKED,14,150,0.3769727799257762,0.7020931689606487
PEAKED,14,200,0.39094046154073736,0.6976173443746302
PEAKED,14,250,0.40454632834025095,0.6893218993239059
PEAKED,14,300,0.4146757137767221,0.6902734741609158
PEAKED,15,0,0.31768471950695015,0.6527040073994087
PEAKED,15,50,0.3349447748421496,0.6592164166496572
PEAKED,15,100,0.35778967992942734,0.6660117542690932
PEAKED,15,150,0.37415300381474786,0.6416603030136255
PEAKED,15,200,0.39718475430626815,0.626998302873815
PEAKED,15,250,0.40781488700453816,0.6064859555168023
PEAKED,15,300,0.4158379659711297,0.5887030798882842
PEAKED,16,0,0.30238172179263684,0.6635343512155869
PEAKED,16,50,0.32151624129845413,0.6678025640233788
PEAKED,16,100,0.3379722776767375,0.6453027777412156
PEAKED,16,150,0.3540336416456911,0.6249313080568186
PEAKED,16,200,0.36606005187539614,0.6033400175586123
PEAKED,16,250,0.3769883966768114,0.6037118497355686
PEAKED,16,300,0.38795891563441276,0.5939396412518172
PEAKED,17,0,0.30714371401584695,0.6461471922717891
PEAKED,17,50,0.32338665686597823,0.6377137845238816
PEAKED,17,100,0.3432800762377339,0.6280924386929131
PEAKED,17,150,0.36333669819729913,0.6129639161282975
PEAKED,17,200,0.37544276656046044,0.599241619318919
PEAKED,17,250,0.3912832483709484,0.6066285544798609
PEAKED,17,300,0.4040752973335534,0.6147205454080893
PEAKED,18,0,0.32231326191144355,0.6562603733632087
PEAKED,18,50,0.343638156151805,0.6854912355645044
PEAKED,18,100,0.3644171737970398,0.6808489772537446
PEAKED,18,150,0.38516243629205726,0.6642259344175788
PEAKED,18,200,0.39391621328921017,0.6335089207913325
PEAKED,18,250,0.41010403116335986,0.625287803846388
PEAKED,18,300,0.42072626755920906,0.6222508832690656
PEAKED,19,0,0.3249763480447164,0.7008552090859417
PEAKED,19,50,0.3440218189805396,0.7050411373531502
PEAKED,19,100,0.36218341333851045,0.7110946679075302
PEAKED,19,150,0.38211008857065676,0.6768450462965881
PEAKED,19,200,0.3951709694789805,0.6480267122828691
PEAKED,19,250,0.40324353581468986,0.633183045917254
PEAKED,19,300,0.4120317858990703,0.6292974106197
PEAKED,20,0,0.312481456394902,0.6485433073722234
PEAKED,20,50,0.3249713265151486,0.6671062977773953
PEAKED,20,100,0.3417828972400393,0.65437656878091
PEAKED,20,150,0.35471699431467907,0.6459792640475415
PEAKED,20,200,0.3637543538238307,0.6437871442675315
PEAKED,20,250,0.3743060023160129,0.6498288575631251
PEAKED,20,300,0.3855838218963912,0.6392133012738421
PEAKED,21,0,0.3279098072889164,0.6768226955276415
PEAKED,21,50,0.3424765628315422,0.6676940842583968
PEAKED,21,100,0.35643400579730716,0.6567761602135004
PEAKED,21,150,0.37272282412688534,0.6550629105047716
PEAKED,21,200,0.3881662719124433,0.6634486593323596
PEAKED,21,250,0.40347101808186076,0.6575073167228822
PEAKED,21,300,0.41503852338459096,0.6411042277364344
PEAKED,22,0,0.32331805962526117,0.7256870786314827
PEAKED,22,50,0.3374403088578226,0.7230284337180812
PEAKED,22,100,0.3582882745012854,0.7206190077839879
PEAKED,22,150,0.3747784226246909,0.7056792226765377
PEAKED,22,200,0.39232065615337564,0.6938572314514485
PEAKED,22,250,0.410203774785228,0.6713439363120558
PEAKED,22,300,0.42557730752947937,0.6569649001258481
PEAKED,23,0,0.3228688409064847,0.6705211404720623
PEAKED,23,50,0.33796807967166664,0.6725867729732795
PEAKED,23,100,0.3544304840459694,0.6627671311721351
PEAKED,23,150,0.3625492740924954,0.657773427101377
PEAKED,23,200,0.36821959114613734,0.6315314075535541
PEAKED,23,250,0.3796549813760358,0.6283863545091732
PEAKED,23,300,0.3943830650150688,0.6337516100991238
PEAKED,24,0,0.3191805569565173,0.6575735699705422
PEAKED,24,50,0.34103407316246753,0.6619184227002337
PEAKED,24,100,0.3607440463980154,0.6474514839567633
PEAKED,24,150,0.3794101296185822,0.6285136377459293
PEAKED,24,200,0.38932984353016864,0.6100201818198214
PEAKED,24,250,0.4024553691667037,0.5890510971041556
PEAKED,24,300,0.411517598184717,0.5852578141236239
PEAKED,25,0,0.3207608275005026,0.7115436942873731
PEAKED,25,50,0.3244430434156613,0.7104604062074732
PEAKED,25,100,0.3438398439792677,0.7120183960379083
PEAKED,25,150,0.3609927016667012,0.6877426853925519
PEAKED,25,200,0.3729756492651376,0.6682415473751858
PEAKED,25,250,0.3847871527284625,0.6383444565194277
PEAKED,25,300,0.3946035666114559,0.6184323547745992
PEAKED,26,0,0.32172648183029184,0.6917470582438929
PEAKED,26,50,0.337994312883347,0.6942010718062442
PEAKED,26,100,0.360276268140889,0.7015803252514133
PEAKED,26,150,0.3763412247797552,0.6714030678084113
PEAKED,26,200,0.3940553047156958,0.6613585332824303
PEAKED,26,250,0.40902499221424476,0.6592487026998931
PEAKED,26,300,0.4178821355958241,0.6495674667727438
PEAKED,27,0,0.3248631078805648,0.7281933654469894
PEAKED,27,50,0.33721197987239687,0.7293909921451567
PEAKED,27,100,0.35867888654898283,0.7392720339894714
PEAKED,27,150,0.3812898194501658,0.7236587604189388
PEAKED,27,200,0.4020478582113307,0.7150275945527822
PEAKED,27,250,0.4224173431381255,0.7024739124772801
PEAKED,27,300,0.43709388722010795,0.6945089518421148
PEAKED,28,0,0.31197445507199645,0.6673098637314758
PEAKED,28,50,0.326930553628166,0.6838526855503653
PEAKED,28,100,0.3514464938312094,0.6867858666046115
PEAKED,28,150,0.380982143726854,0.689600166568236
PEAKED,28,200,0.3962253425570894,0.6874218727052468
PEAKED,28,250,0.40673521169080934,0.6761812604098787
PEAKED,28,300,0.4199880823335107,0.6734482372785005
PEAKED,29,0,0.32195303571489037,0.6629659610337061
PEAKED,29,50,0.334849606105062,0.6627260651523896
PEAKED,29,100,0.35362525540124307,0.6605558336903166
PEAKED,29,150,0.3727731224623916,0.6481598353047805
PEAKED,29,200,0.3850859747377313,0.6336129903376626
PEAKED,29,250,0.3951801218815602,0.6439758860681621
PEAKED,29,300,0.4034820503596511,0.6428325909536727
BROAD,0,0,0.3137697069173094,0.48372870060435313
BROAD,0,50,0.31737477643231726,0.4833315852619679
BROAD,0,100,0.32556358170816696,0.48076416189121024
BROAD,0,150,0.33323526632002093,0.46501453579802615
BROAD,0,200,0.33961228770587504,0.48831903585056685
BROAD,0,250,0.3447901106935491,0.4972216196622348
BROAD,0,300,0.3460765195100721,0.49797714090344686
BROAD,1,0,0.3123335985429494,0.48562623369862834
BROAD,1,50,0.31496486752330427,0.4803831623760996
BROAD,1,100,0.32415831666745826,0.4739955034263442
BROAD,1,150,0.33535751736436736,0.46375787870626195
BROAD,1,200,0.34031037762752775,0.4602304193610138
BROAD,1,250,0.34423549948335336,0.46223820666012894
BROAD,1,300,0.3467540817300616,0.4652180986580007
BROAD,2,0,0.3167293323741026,0.48896421193802725
BROAD,2,50,0.3237523152412051,0.4972572259753757
BROAD,2,100,0.3333668688615064,0.4843417705825754
BROAD,2,150,0.3484540790771955,0.5014002841830278
BROAD,2,200,0.3559289862624963,0.49343559669028925
BROAD,2,250,0.36160158358950867,0.5013618109159808
BROAD,2,300,0.36287102760794326,0.4963662680986265
BROAD,3,0,0.32710520243750735,0.5296071935840555
BROAD,3,50,0.33769383550194026,0.5174377418958607
BROAD,3,100,0.34666166056143133,0.5107992204920682
BROAD,3,150,0.35996997596692515,0.5106946892117012
BROAD,3,200,0.36418340469940347,0.5218777045789683
BROAD,3,250,0.368543711567643,0.5139577759058952
BROAD,3,300,0.3726011864793887,0.5146594604814028
BROAD,4,0,0.3289168226737362,0.5408904849963955
BROAD,4,50,0.3377627758324881,0.546532853522249
BROAD,4,100,0.35153983255930304,0.5377738639246
BROAD,4,150,0.36343832683541893,0.5234781636568573
BROAD,4,200,0.366496271857692,0.5015810941976228
BROAD,4,250,0.37153226790805843,0.5052508467093264
BROAD,4,300,0.3739152665888802,0.5117878082949868
BROAD,5,0,0.31796130513265586,0.4828955386469251
BROAD,5,50,0.32459142249397166,0.4844397276049428
BROAD,5,100,0.3367979430341844,0.48723297394251475
BROAD,5,150,0.344906540588722,0.48760834381431795
BROAD,5,200,0.34244865454741524,0.4719876094982126
BROAD,5,250,0.3423890284315984,0.46714643187913607
BROAD,5,300,0.34426158341799185,0.4751314065680463
BROAD,6,0,0.3138439430587293,0.5086284715350962
BROAD,6,50,0.3201082240819106,0.5074509844743325
BROAD,6,100,0.33307887086809373,0.5169047209028463
BROAD,6,150,0.34372613047095946,0.5192495456524844
BROAD,6,200,0.3525795626603317,0.5167768472241758
BROAD,6,250,0.35723714375465115,0.5212843715270509
BROAD,6,300,0.3562808163171004,0.5116553292343786
BROAD,7,0,0.3221938545328824,0.5019735488945639
BROAD,7,50,0.33085409783359504,0.5021264340546335
BROAD,7,100,0.34336438386155854,0.5046936897803429
BROAD,7,150,0.35381738301667964,0.49718322483694233
BROAD,7,200,0.35877255673987885,0.49557306263436307
BROAD,7,250,0.36281135183307833,0.4955320483880355
BROAD,7,300,0.3667396399198697,0.5008419152356275
BROAD,8,0,0.3146488844731273,0.5178998125627894
BROAD,8,50,0.3218942382442765,0.5234157825179543
BROAD,8,100,0.3358042981129188,0.5300510561332612
BROAD,8,150,0.3518692026164016,0.5381785856496996
BROAD,8,200,0.35550021015083544,0.523417686999738
BROAD,8,250,0.35734135486268076,0.5223086417356541
BROAD,8,300,0.36329228638016015,0.5211465802194667
BROAD,9,0,0.3247340442096837,0.4968834253512644
BROAD,9,50,0.3340508604842324,0.5073794226286455
BROAD,9,100,0.3423212241731328,0.5014798386173728
BROAD,9,150,0.35040037936589213,0.5033164461922275
BROAD,9,200,0.3568010189860823,0.4975626559295992
BROAD,9,250,0.36246050553732806,0.49984536200247703
BROAD,9,300,0.3650437514511143,0.49520322533074224
BROAD,10,0,0.3164191298083577,0.47416714427130396
BROAD,10,50,0.3174024156637947,0.46821232092267623
BROAD,10,100,0.3224741784587163,0.4649720487162914
BROAD,10,150,0.3319065202849147,0.46904853261586865
BROAD,10,200,0.3347624268011193,0.48540464050604354
BROAD,10,250,0.34126718572816084,0.49513677864173
BROAD,10,300,0.34642559941713325,0.5040294861224867
BROAD,11,0,0.3258620367628043,0.5110833584365526
BROAD,11,50,0.3327423239888781,0.5047756087402642
BROAD,11,100,0.34500186909976044,0.5117562823902699
BROAD,11,150,0.3581200346184797,0.5256958983548153
BROAD,11,200,0.36479675776378084,0.5282687923452951
BROAD,11,250,0.3688886783395942,0.5321474061465349
BROAD,11,300,0.3689621184470735,0.5257539908607199
BROAD,12,0,0.326440504445129,0.489677799916643
BROAD,12,50,0.33115629138431746,0.49533692386255274
BROAD,12,100,0.3461631833946784,0.5163265542249664
BROAD,12,150,0.3553916298178716,0.5156589739325542
BROAD,12,200,0.35906115195938526,0.5218912681149529
BROAD,12,250,0.3659472063812983,0.5227293837358652
BROAD,12,300,0.37447517863721247,0.5204749661475239
BROAD,13,0,0.311935313682257,0.5022599393775249
BROAD,13,50,0.31548326427901113,0.48619676126204625
BROAD,13,100,0.329144046828424,0.5046484429205546
BROAD,13,150,0.34047900070616266,0.495235101700383
BROAD,13,200,0.3482376561959318,0.48368269000116465
BROAD,13,250,0.3541180124764052,0.4862869830799038
BROAD,13,300,0.35606752725925594,0.4916712192315324
BROAD,14,0,0.32651631273190046,0.49907876334978096
BROAD,14,50,0.3297045659720842,0.49581407616954964
BROAD,14,100,0.33808855481125455,0.4798236873996099
BROAD,14,150,0.3436372102948176,0.47429812331120663
BROAD,14,200,0.3426147168929691,0.4642081002146523
BROAD,14,250,0.3441571967387066,0.45325517920149133
BROAD,14,300,0.3445078806628413,0.44656719803108486
BROAD,15,0,0.3176847195069501,0.4644909640692868
BROAD,15,50,0.3227862641769631,0.4626821822470365
BROAD,15,100,0.327147328855601,0.45585154639820025
BROAD,15,150,0.3275753016977392,0.4513667003860283
BROAD,15,200,0.33601532501307085,0.4661113141726571
BROAD,15,250,0.3415628212102821,0.4646783599823889
BROAD,15,300,0.34498575152765765,0.461579513663801
BROAD,16,0,0.3023817217926368,0.4689445542076025
BROAD,16,50,0.3089840613889147,0.47643247410959577
BROAD,16,100,0.31392744656488686,0.4751371874391557
BROAD,16,150,0.3198072689374176,0.46251595236943616
BROAD,16,200,0.32605296993672866,0.4488487559996536
BROAD,16,250,0.32836925096216246,0.44460347747617285
BROAD,16,300,0.3285169386336299,0.4366732011183283
BROAD,17,0,0.30714371401584695,0.4746038530113873
BROAD,17,50,0.30820828603734185,0.48031196246241203
BROAD,17,100,0.3115101728619776,0.46993764349816913
BROAD,17,150,0.31778743206483184,0.47437754425300077
BROAD,17,200,0.32045738679342256,0.47530105066747746
BROAD,17,250,0.32523022010704766,0.47132241695113464
BROAD,17,300,0.330615042295139,0.47830889349966343
BROAD,18,0,0.3223132619114435,0.47086400766504277
BROAD,18,50,0.32200743265395465,0.45856144074935157
BROAD,18,100,0.32195938458375567,0.449253271718266
BROAD,18,150,0.32492274857233305,0.43946234911869725
BROAD,18,200,0.3289987154061124,0.44534573992976256
BROAD,18,250,0.33588235187980897,0.45459783588736485
BROAD,18,300,0.3367246445310768,0.4526325132779146
BROAD,19,0,0.3249763480447164,0.5132492998836611
BROAD,19,50,0.32828217731781695,0.5123816069040736
BROAD,19,100,0.3408484579094652,0.5064366044081606
BROAD,19,150,0.35369296556388924,0.5071902305170154
BROAD,19,200,0.3588353894366018,0.5034479719713021
BROAD,19,250,0.363013553816818,0.4954139282666977
BROAD,19,300,0.3612994315299378,0.48645289615104487
BROAD,20,0,0.312481456394902,0.47167830035901026
BROAD,20,50,0.31900482298494753,0.46745311489515506
BROAD,20,100,0.33158678521194956,0.4771220969588869
BROAD,20,150,0.33634252077596066,0.4859525180766934
BROAD,20,200,0.3395427802027406,0.4850996723673584
BROAD,20,250,0.34395073683029875,0.4871742058179505
BROAD,20,300,0.3477860879397208,0.4846036069088988
BROAD,21,0,0.32790980728891633,0.48040004269067565
BROAD,21,50,0.3260706472637076,0.4729153291848531
BROAD,21,100,0.32817577931381525,0.47300156461883647
BROAD,21,150,0.3298573297980059,0.46945240825526247
BROAD,21,200,0.3324935777243839,0.47280770046637743
BROAD,21,250,0.3344462338331263,0.4680503190335213
BROAD,21,300,0.3430617181643185,0.4757131167011364
BROAD,22,0,0.3233180596252611,0.5299064858447846
BROAD,22,50,0.3295520095423487,0.5278062495973994
BROAD,22,100,0.34386269083046533,0.5205135938089847
BROAD,22,150,0.3588945324323763,0.518379524023568
BROAD,22,200,0.3675586267898962,0.5254412038140499
BROAD,22,250,0.37471958465510136,0.5236937779048308
BROAD,22,300,0.38231459043537314,0.5195743214284108
BROAD,23,0,0.3228688409064847,0.486868844583581
BROAD,23,50,0.3298319291196976,0.4934975799135984
BROAD,23,100,0.331290842226574,0.482394583983242
BROAD,23,150,0.3352116492288369,0.477247109539457
BROAD,23,200,0.33494731112763443,0.46194861665130377
BROAD,23,250,0.3397882100895712,0.46013899810579884
BROAD,23,300,0.3427308107490146,0.4493102670102177
BROAD,24,0,0.3191805569565173,0.4657791527863725
BROAD,24,50,0.31724983418040265,0.45980194137574415
BROAD,24,100,0.3238572365080028,0.45825028130664086
BROAD,24,150,0.32935130961343206,0.4562676386374899
BROAD,24,200,0.32883609885144965,0.46857734217146957
BROAD,24,250,0.33266638003979093,0.47109299631509133
BROAD,24,300,0.33570930163854823,0.4711147874670927
BROAD,25,0,0.32076082750050255,0.5135904416546427
BROAD,25,50,0.32767302287656735,0.5211755529444545
BROAD,25,100,0.3374930303395628,0.5127416102858161
BROAD,25,150,0.3542714414853547,0.5243886794884829
BROAD,25,200,0.36545151584329305,0.532454962597771
BROAD,25,250,0.3773832879085879,0.5340860266428763
BROAD,25,300,0.38648155697844877,0.5377155034228168
BROAD,26,0,0.32172648183029173,0.49771466758111027
BROAD,26,50,0.32700630183090323,0.49747951914252225
BROAD,26,100,0.3405282212655338,0.5006593805390878
BROAD,26,150,0.3475324081138771,0.49913984298919467
BROAD,26,200,0.35068285596240634,0.5018010697649306
BROAD,26,250,0.35162569899507945,0.5013465693118322
BROAD,26,300,0.35471665684147774,0.5040311132995431
BROAD,27,0,0.3248631078805647,0.5306314534901684
BROAD,27,50,0.32830209502216634,0.533385932762081
BROAD,27,100,0.3357797222457747,0.5332304771812721
BROAD,27,150,0.34939980997063735,0.5293104772093215
BROAD,27,200,0.35235544708090233,0.4995685093243483
BROAD,27,250,0.3577504624232479,0.483206114371443
BROAD,27,300,0.36375434180143756,0.47497920473638416
BROAD,28,0,0.31197445507199645,0.47545196895542746
BROAD,28,50,0.31477461813156693,0.47865074886842357
BROAD,28,100,0.3195472413784406,0.4767887671159992
BROAD,28,150,0.32356682523498637,0.47347371488913764
BROAD,28,200,0.3205873927635305,0.46662181287159027
BROAD,28,250,0.32296097345372043,0.47415963630931296
BROAD,28,300,0.32605829869102737,0.4681634548390487
BROAD,29,0,0.32195303571489026,0.4770243364979732
BROAD,29,50,0.32532241804589035,0.4916921130645915
BROAD,29,100,0.3340148241044115,0.4897561804116506
BROAD,29,150,0.33956124024371326,0.48502104842690746
BROAD,29,200,0.33785834854170854,0.4778339171361604
BROAD,29,250,0.3304818381775043,0.4626425878729794
BROAD,29,300,0.3280631459508362,0.45595569950670134
FLAT,0,0,0.31784935410650605,0.36963473664816326
FLAT,0,50,0.31627842549605517,0.37551493417282683
FLAT,0,100,0.3128053592247509,0.3820379389335347
FLAT,0,150,0.3141833661702009,0.3924994366976201
FLAT,0,200,0.31857205854640186,0.3966966221828974
FLAT,0,250,0.3233947636118951,0.4030945192136883
FLAT,0,300,0.3244266559841749,0.4074637546594308
FLAT,1,0,0.3175054657963635,0.37207159405181334
FLAT,1,50,0.3157138542198028,0.3769614583441239
FLAT,1,100,0.31544674321767197,0.382798611917901
FLAT,1,150,0.31680862104284874,0.39695528858341234
FLAT,1,200,0.3164253240072592,0.41680257166965085
FLAT,1,250,0.31747011319144997,0.4220760695834803
FLAT,1,300,0.32247140793138035,0.43680120345545426
FLAT,2,0,0.31692659569225784,0.378640244983034
FLAT,2,50,0.3176521352806872,0.38648072763532504
FLAT,2,100,0.3212621552881706,0.3944820059671135
FLAT,2,150,0.3225893188838179,0.4007803253365243
FLAT,2,200,0.32019578572735885,0.4153541778996332
FLAT,2,250,0.3213741075321307,0.4185007811619645
FLAT,2,300,0.32783153799380016,0.4361572727543465
FLAT,3,0,0.32222382198126437,0.37611336347268165
FLAT,3,50,0.3256769417288685,0.3845301891147113
FLAT,3,100,0.3270592934198125,0.39453716936856437
FLAT,3,150,0.3331037343400136,0.4057640007570174
FLAT,3,200,0.3372543566577793,0.42510084340187754
FLAT,3,250,0.34064686392419163,0.432333393250769
FLAT,3,300,0.3410073530019389,0.43283820332180784
FLAT,4,0,0.3234758575469336,0.37859312827388014
FLAT,4,50,0.32564981099891294,0.38343845671677323
FLAT,4,100,0.3284422810529914,0.3907154275060412
FLAT,4,150,0.3322923700538255,0.3999615455092132
FLAT,4,200,0.33482515965385334,0.4207760988875209
FLAT,4,250,0.33374898981869955,0.41818876838940006
FLAT,4,300,0.3356104880406218,0.4248999729662611
FLAT,5,0,0.32043370746320093,0.3694517601912812
FLAT,5,50,0.3228161232128661,0.37410004081054077
FLAT,5,100,0.32453322538778845,0.3810254371774364
FLAT,5,150,0.3276484318573599,0.39037403305887175
FLAT,5,200,0.3300395015068395,0.40722631957835426
FLAT,5,250,0.3354458837497491,0.4137046649468911
FLAT,5,300,0.33629949072130544,0.4215321165315812
FLAT,6,0,0.31686578611802313,0.37591743792521853
FLAT,6,50,0.3183099893245612,0.38620789490269863
FLAT,6,100,0.31712197212264015,0.3909542562189914
FLAT,6,150,0.315074827575926,0.39094424878311884
FLAT,6,200,0.3141891331143282,0.41387978780506707
FLAT,6,250,0.31441415668040246,0.41682122586960835
FLAT,6,300,0.31193939155180134,0.4200640736828046
FLAT,7,0,0.3187361296840646,0.3746589364297027
FLAT,7,50,0.3226428702708087,0.3844777497521496
FLAT,7,100,0.32582135739868534,0.3913379976661624
FLAT,7,150,0.3290137727531724,0.3995400373037325
FLAT,7,200,0.33635054017081834,0.4252336756251679
FLAT,7,250,0.3399075373290667,0.43639187726143047
FLAT,7,300,0.33919764330685664,0.4304597360569914
FLAT,8,0,0.31660245574929446,0.3737613572948297
FLAT,8,50,0.31668950139416835,0.37456538379456056
FLAT,8,100,0.316840338933014,0.37985421102767913
FLAT,8,150,0.32176345077157176,0.39318457243813176
FLAT,8,200,0.31277947541452306,0.4043017829899363
FLAT,8,250,0.31354513517022087,0.41922231640901475
FLAT,8,300,0.31190562795618915,0.42749679281587566
FLAT,9,0,0.32188133230601595,0.3762025144560583
FLAT,9,50,0.32071763838091055,0.3817879917195583
FLAT,9,100,0.3217407351304444,0.38755633653977417
FLAT,9,150,0.3238103638107625,0.39665553908209084
FLAT,9,200,0.32990428412617223,0.41273744950838237
FLAT,9,250,0.33262678040749344,0.4159801590505435
FLAT,9,300,0.3331729782042538,0.4202176126672474
FLAT,10,0,0.318120360757984,0.36907003199859245
FLAT,10,50,0.3191332532356452,0.3814149429833648
FLAT,10,100,0.32017287830538943,0.38949396812200865
FLAT,10,150,0.32277511092558847,0.40673132411166457
FLAT,10,200,0.3242890748189798,0.4341197934321409
FLAT,10,250,0.32899378554396774,0.46010986718242053
FLAT,10,300,0.33847659015819886,0.49276318166145044
FLAT,11,0,0.32202075503960065,0.37575179672270975
FLAT,11,50,0.3248258808891612,0.3834435470873694
FLAT,11,100,0.32331219552704704,0.39180676196794784
FLAT,11,150,0.32492658959323223,0.3995413087041144
FLAT,11,200,0.3346855055995545,0.4354454504903441
FLAT,11,250,0.3330120505621206,0.43313916281952625
FLAT,11,300,0.33473994139833857,0.4366682840519404
FLAT,12,0,0.32216154762903776,0.3797734037132908
FLAT,12,50,0.32665240363188003,0.3872694346501978
FLAT,12,100,0.32886979353486734,0.395759655612115
FLAT,12,150,0.3315673056508912,0.4011607928623615
FLAT,12,200,0.3404237322505162,0.4231206730385481
FLAT,12,250,0.34351973241329614,0.4355194610975225
FLAT,12,300,0.3464003475987561,0.449039481306871
FLAT,13,0,0.3174935432641054,0.3739236147347059
FLAT,13,50,0.32019684663133136,0.3852956492813787
FLAT,13,100,0.3206516325550695,0.39273752457282624
FLAT,13,150,0.32665229515310024,0.4026048820488398
FLAT,13,200,0.3355440157639686,0.42616364780590715
FLAT,13,250,0.33849535362053185,0.44061973686968076
FLAT,13,300,0.3460688521961777,0.45866339331625505
FLAT,14,0,0.32128561940744965,0.37951086546950275
FLAT,14,50,0.322918703040929,0.38568563804116546
FLAT,14,100,0.32670683167965997,0.3926984848079041
FLAT,14,150,0.3278369296662915,0.3952375703277291
FLAT,14,200,0.33357554176334975,0.41352894673065427
FLAT,14,250,0.32886661773887466,0.4142766248038624
FLAT,14,300,0.32722659526790593,0.4210248602999813
FLAT,15,0,0.3202288993995057,0.37297460871431165
FLAT,15,50,0.3207565370480415,0.37585925471331677
FLAT,15,100,0.32220347819909134,0.3816525887544017
FLAT,15,150,0.32633573715019143,0.39098828772736177
FLAT,15,200,0.3364680614647041,0.4194933628586524
FLAT,15,250,0.3407435914946127,0.43043930371228384
FLAT,15,300,0.3404696434805916,0.4319605704702014
FLAT,16,0,0.3136870583492508,0.3673998399683259
FLAT,16,50,0.3127806148960549,0.37136828749703604
FLAT,16,100,0.3131378849012202,0.3762661900073801
FLAT,16,150,0.31567457744823296,0.38517768169807826
FLAT,16,200,0.3179973598551401,0.3994783325576185
FLAT,16,250,0.31924562335106804,0.40676989114146245
FLAT,16,300,0.3178895125663654,0.4057443435007159
FLAT,17,0,0.315356513992128,0.37269626283698964
FLAT,17,50,0.3188045016389084,0.3831959397370435
FLAT,17,100,0.32381180718367913,0.3962034628708217
FLAT,17,150,0.3330415068695921,0.4151462956680671
FLAT,17,200,0.33244354450954317,0.4192256236984918
FLAT,17,250,0.3338803255339147,0.42381366960166744
FLAT,17,300,0.3406703038520779,0.43197643057240354
FLAT,18,0,0.3215646909574411,0.3777177272719062
FLAT,18,50,0.32262061592398095,0.3829232269357517
FLAT,18,100,0.3229864879396699,0.3879331460156243
FLAT,18,150,0.3231276937978212,0.3961296820493162
FLAT,18,200,0.3211850693526459,0.40354486877711965
FLAT,18,250,0.3226128088900666,0.4099153243732412
FLAT,18,300,0.32506507426905007,0.4200445793494606
FLAT,19,0,0.32228583413386686,0.38167242112617783
FLAT,19,50,0.32228352154067863,0.3848199114270401
FLAT,19,100,0.3228515080728048,0.3877418158495117
FLAT,19,150,0.3252183621736159,0.3969234873479513
FLAT,19,200,0.3299863738539102,0.4241417131771054
FLAT,19,250,0.3325219688984603,0.4311469497459596
FLAT,19,300,0.3350003780619295,0.4371715376768537
FLAT,20,0,0.3169505759272892,0.37355010112017345
FLAT,20,50,0.31648317200954523,0.3762508868351041
FLAT,20,100,0.3202851115607844,0.3897193951039349
FLAT,20,150,0.32596471501268337,0.4034537135941141
FLAT,20,200,0.32711046971862473,0.40855870986173587
FLAT,20,250,0.32982367506962773,0.4133798287906322
FLAT,20,300,0.3312097363354203,0.4175104008315239
FLAT,21,0,0.3222259629034364,0.37336506362250205
FLAT,21,50,0.32217080796817626,0.3794724592450306
FLAT,21,100,0.3240803133732303,0.3860438347325133
FLAT,21,150,0.3271969602307757,0.3951960837865937
FLAT,21,200,0.32925308795522235,0.42052702828677707
FLAT,21,250,0.33380446097249844,0.4339163994830196
FLAT,21,300,0.33595901992031246,0.4391517993352357
FLAT,22,0,0.32065185091088183,0.3778050903839587
FLAT,22,50,0.3215764174966467,0.38244748869077144
FLAT,22,100,0.3211902771308158,0.38812648943811867
FLAT,22,150,0.32237049676813956,0.39391690300337584
FLAT,22,200,0.3226893554640053,0.4064353129826931
FLAT,22,250,0.3282458896821038,0.4122121358399901
FLAT,22,300,0.3344349869769303,0.425227609305191
FLAT,23,0,0.32156281797302994,0.37408114692734357
FLAT,23,50,0.3209632295303184,0.3818334163450268
FLAT,23,100,0.32341979313914704,0.38516511328109426
FLAT,23,150,0.32409782535833925,0.3915664753227845
FLAT,23,200,0.323216243002871,0.4034567493455996
FLAT,23,250,0.32091079517032967,0.40483511238255787
FLAT,23,300,0.32221782456752396,0.4101598329746005
FLAT,24,0,0.3208118397807009,0.3773797636742932
FLAT,24,50,0.3230653580489366,0.3841452123331974
FLAT,24,100,0.3214166314814268,0.38575048883601487
FLAT,24,150,0.3191324931995194,0.394343848245349
FLAT,24,200,0.3220680437596966,0.4117839183777705
FLAT,24,250,0.31885546813776044,0.4145668928543243
FLAT,24,300,0.31779278540472267,0.4200186871736071
FLAT,25,0,0.32111162005464383,0.37718701002950394
FLAT,25,50,0.3240579250728304,0.38721800308543797
FLAT,25,100,0.3220619070780831,0.3888060005671893
FLAT,25,150,0.32225695042216135,0.3897682881522481
FLAT,25,200,0.322784086705768,0.40749826902971875
FLAT,25,250,0.3264812277416545,0.41687916618811593
FLAT,25,300,0.3328961276865869,0.42917572315574515
FLAT,26,0,0.3203249063751468,0.378663672661461
FLAT,26,50,0.3210414984801807,0.3822620020861826
FLAT,26,100,0.3228932362555331,0.3880993147162243
FLAT,26,150,0.3239052120657226,0.38992147045381115
FLAT,26,200,0.32513642338565935,0.40554815959039386
FLAT,26,250,0.32567981602912,0.41589380413135174
FLAT,26,300,0.3263128217119549,0.42621107213792064
FLAT,27,0,0.3211815990050062,0.3784804165389514
FLAT,27,50,0.3219778196026572,0.3843516427173397
FLAT,27,100,0.3242530485047563,0.3930550455327524
FLAT,27,150,0.3251548748294119,0.4012345166593589
FLAT,27,200,0.3308456021813115,0.42137650610363514
FLAT,27,250,0.33211714260854774,0.42391274410872465
FLAT,27,300,0.3350751483343664,0.4372456051986137
FLAT,28,0,0.3159710396242439,0.3710347230522993
FLAT,28,50,0.3208306215456004,0.37897889585802647
FLAT,28,100,0.3213780576910857,0.3819429382431796
FLAT,28,150,0.32356400897942467,0.3964491970162993
FLAT,28,200,0.3246619364787331,0.4125497817079234
FLAT,28,250,0.32556805098626707,0.41642289415618483
FLAT,28,300,0.3270895620561805,0.42525923646642527
FLAT,29,0,0.3200527237397599,0.37556162279178523
FLAT,29,50,0.3194354082284616,0.3808756687770056
FLAT,29,100,0.3212804638915246,0.38625249721925803
FLAT,29,150,0.32473524741765847,0.4002356059664004
FLAT,29,200,0.33008882703798764,0.4282702169752056
FLAT,29,250,0.335012772566897,0.43491618223020095
FLAT,29,300,0.33978630628666195,0.4409671824584545
